-- 테스트 데이터는 대부분 admin@example.com / user@example.com / seller@example.com 기준으로 많이 작성하였습니다.


INSERT INTO MEMBER (ID, USERNAME, EMAIL, PASSWORD, ROLE, PLATFORM, ISDELETED, CREATEDAT, UPDATEDAT)
VALUES ('c0bbf8bb-a6f2-4445-aaa3-2892e551ff4c', 'admin', 'admin@example.com',
        '$2a$10$QnLBx1AZRoKGi6NTaCFTxOc1AnuRiKJo.2iQZyLNHW5jBJ5yRiwQq', 'ROLE_ADMIN', 'SERVER', FALSE, NOW(), NOW()),

       ('f6b73d77-5fb8-462e-85f7-f6ed0425d2ba', 'username', 'user@example.com',
        '$2a$10$QnLBx1AZRoKGi6NTaCFTxOc1AnuRiKJo.2iQZyLNHW5jBJ5yRiwQq', 'ROLE_USER', 'SERVER', FALSE, NOW(), NOW()),
       ('cf6e8329-59a2-458b-b1ee-693d70d128fd', 'username2', 'user2@example.com',
        '$2a$10$QnLBx1AZRoKGi6NTaCFTxOc1AnuRiKJo.2iQZyLNHW5jBJ5yRiwQq', 'ROLE_USER', 'SERVER', FALSE, NOW(), NOW()),
       ('5677b0b6-7b63-42c8-936c-a6d07c4793eb', 'username3', 'user3@example.com',
        '$2a$10$QnLBx1AZRoKGi6NTaCFTxOc1AnuRiKJo.2iQZyLNHW5jBJ5yRiwQq', 'ROLE_USER', 'SERVER', FALSE, NOW(), NOW()),
       ('c1b6ca53-0437-4eeb-959e-ec3ec97139d3', 'username4', 'user4@example.com',
        '$2a$10$QnLBx1AZRoKGi6NTaCFTxOc1AnuRiKJo.2iQZyLNHW5jBJ5yRiwQq', 'ROLE_USER', 'SERVER', FALSE, NOW(), NOW()),
       ('8ccf8a1a-3e8d-48a1-a508-d2b99ec4e631', 'username5', 'user5@example.com',
        '$2a$10$QnLBx1AZRoKGi6NTaCFTxOc1AnuRiKJo.2iQZyLNHW5jBJ5yRiwQq', 'ROLE_USER', 'SERVER', FALSE, NOW(), NOW()),
       ('323e4567-e89b-12d3-a456-426614174002', 'username6', 'user6@example.com',
        '$2a$10$QnLBx1AZRoKGi6NTaCFTxOc1AnuRiKJo.2iQZyLNHW5jBJ5yRiwQq', 'ROLE_USER', 'SERVER', FALSE, NOW(), NOW()),
       ('423e4567-e89b-12d3-a456-426614174003', 'username7', 'user7@example.com',
        '$2a$10$QnLBx1AZRoKGi6NTaCFTxOc1AnuRiKJo.2iQZyLNHW5jBJ5yRiwQq', 'ROLE_USER', 'SERVER', FALSE, NOW(), NOW()),
       ('523e4567-e89b-12d3-a456-426614174004', 'username8', 'user8@example.com',
        '$2a$10$QnLBx1AZRoKGi6NTaCFTxOc1AnuRiKJo.2iQZyLNHW5jBJ5yRiwQq', 'ROLE_USER', 'SERVER', FALSE, NOW(), NOW()),
       ('623e4567-e89b-12d3-a456-426614174005', 'username9', 'user9@example.com',
        '$2a$10$QnLBx1AZRoKGi6NTaCFTxOc1AnuRiKJo.2iQZyLNHW5jBJ5yRiwQq', 'ROLE_USER', 'SERVER', FALSE, NOW(), NOW()),
       ('723e4567-e89b-12d3-a456-426614174006', 'username10', 'user10@example.com',
        '$2a$10$QnLBx1AZRoKGi6NTaCFTxOc1AnuRiKJo.2iQZyLNHW5jBJ5yRiwQq', 'ROLE_USER', 'SERVER', FALSE, NOW(), NOW()),
       ('823e4567-e89b-12d3-a456-426614174007', 'username11', 'user11@example.com',
        '$2a$10$QnLBx1AZRoKGi6NTaCFTxOc1AnuRiKJo.2iQZyLNHW5jBJ5yRiwQq', 'ROLE_USER', 'SERVER', FALSE, NOW(), NOW()),
       ('923e4567-e89b-12d3-a456-426614174008', 'username12', 'user12@example.com',
        '$2a$10$QnLBx1AZRoKGi6NTaCFTxOc1AnuRiKJo.2iQZyLNHW5jBJ5yRiwQq', 'ROLE_USER', 'SERVER', FALSE, NOW(), NOW()),
       ('a23e4567-e89b-12d3-a456-426614174009', 'username13', 'user13@example.com',
        '$2a$10$QnLBx1AZRoKGi6NTaCFTxOc1AnuRiKJo.2iQZyLNHW5jBJ5yRiwQq', 'ROLE_USER', 'SERVER', FALSE, NOW(), NOW()),
       ('1649b691-c1a5-4ea2-846e-5363b4439590', 'username14', 'user14@example.com',
        '$2a$10$QnLBx1AZRoKGi6NTaCFTxOc1AnuRiKJo.2iQZyLNHW5jBJ5yRiwQq', 'ROLE_USER', 'SERVER', FALSE, NOW(), NOW()),
       ('ef217fc2-edda-4ced-b380-c5f57922a707', 'username15', 'user15@example.com',
        '$2a$10$QnLBx1AZRoKGi6NTaCFTxOc1AnuRiKJo.2iQZyLNHW5jBJ5yRiwQq', 'ROLE_USER', 'SERVER', FALSE, NOW(), NOW()),
       ('bf66adf1-b87d-4f25-b3ed-ebf79d0fe71e', 'username16', 'user16@example.com',
        '$2a$10$QnLBx1AZRoKGi6NTaCFTxOc1AnuRiKJo.2iQZyLNHW5jBJ5yRiwQq', 'ROLE_USER', 'SERVER', FALSE, NOW(), NOW()),
       ('ac885ed3-50e5-4b6c-afed-e6e638c93068', 'username17', 'user17@example.com',
        '$2a$10$QnLBx1AZRoKGi6NTaCFTxOc1AnuRiKJo.2iQZyLNHW5jBJ5yRiwQq', 'ROLE_USER', 'SERVER', FALSE, NOW(), NOW()),
       ('fb38fa25-0709-4c14-aafb-f753aacdf71e', 'username18', 'user18@example.com',
        '$2a$10$QnLBx1AZRoKGi6NTaCFTxOc1AnuRiKJo.2iQZyLNHW5jBJ5yRiwQq', 'ROLE_USER', 'SERVER', FALSE, NOW(), NOW()),
       ('e00b7fdf-d1de-4cd5-864d-7215bf84a6e2', 'username19', 'user19@example.com',
        '$2a$10$QnLBx1AZRoKGi6NTaCFTxOc1AnuRiKJo.2iQZyLNHW5jBJ5yRiwQq', 'ROLE_USER', 'SERVER', FALSE, NOW(), NOW()),
       ('0bdca122-40cf-458f-a179-e379ab1e01d1', 'username20', 'user20@example.com',
        '$2a$10$QnLBx1AZRoKGi6NTaCFTxOc1AnuRiKJo.2iQZyLNHW5jBJ5yRiwQq', 'ROLE_USER', 'SERVER', FALSE, NOW(), NOW()),
       ('d35db9df-d79e-47c6-9020-968fd106e425', 'username21', 'user21@example.com',
        '$2a$10$QnLBx1AZRoKGi6NTaCFTxOc1AnuRiKJo.2iQZyLNHW5jBJ5yRiwQq', 'ROLE_USER', 'SERVER', FALSE, NOW(), NOW()),
       ('089aba3a-69e3-49f6-a3ab-cad03ea5041b', 'username22', 'user22@example.com',
        '$2a$10$QnLBx1AZRoKGi6NTaCFTxOc1AnuRiKJo.2iQZyLNHW5jBJ5yRiwQq', 'ROLE_USER', 'SERVER', FALSE, NOW(), NOW()),
       ('67852dcd-19ea-4c72-a143-9bccfd83dd7b', 'username23', 'user23@example.com',
        '$2a$10$QnLBx1AZRoKGi6NTaCFTxOc1AnuRiKJo.2iQZyLNHW5jBJ5yRiwQq', 'ROLE_USER', 'SERVER', FALSE, NOW(), NOW()),
       ('04fd6232-4d83-497c-a88b-72b58f0b5206', 'username24', 'user24@example.com',
        '$2a$10$QnLBx1AZRoKGi6NTaCFTxOc1AnuRiKJo.2iQZyLNHW5jBJ5yRiwQq', 'ROLE_USER', 'SERVER', FALSE, NOW(), NOW()),
       ('ba12282d-4152-4e1c-b7e3-d66b88faa18d', 'username25', 'user25@example.com',
        '$2a$10$QnLBx1AZRoKGi6NTaCFTxOc1AnuRiKJo.2iQZyLNHW5jBJ5yRiwQq', 'ROLE_USER', 'SERVER', FALSE, NOW(), NOW()),
       ('f453791a-8486-4c06-a1c6-62e1d8e87d9e', 'username26', 'user26@example.com',
        '$2a$10$QnLBx1AZRoKGi6NTaCFTxOc1AnuRiKJo.2iQZyLNHW5jBJ5yRiwQq', 'ROLE_USER', 'SERVER', FALSE, NOW(), NOW()),
       ('31bbccf2-729c-4ff4-87e2-1c0ab7e1a2b2', 'username27', 'user27@example.com',
        '$2a$10$QnLBx1AZRoKGi6NTaCFTxOc1AnuRiKJo.2iQZyLNHW5jBJ5yRiwQq', 'ROLE_USER', 'SERVER', FALSE, NOW(), NOW()),
       ('b22a15c7-d14b-4d5d-bb72-cc012bf83d79', 'username28', 'user28@example.com',
        '$2a$10$QnLBx1AZRoKGi6NTaCFTxOc1AnuRiKJo.2iQZyLNHW5jBJ5yRiwQq', 'ROLE_USER', 'SERVER', FALSE, NOW(), NOW()),
       ('79aa25e9-6d3a-4068-9691-dbf7edaa8dd6', 'username29', 'user29@example.com',
        '$2a$10$QnLBx1AZRoKGi6NTaCFTxOc1AnuRiKJo.2iQZyLNHW5jBJ5yRiwQq', 'ROLE_USER', 'SERVER', FALSE, NOW(), NOW()),
       ('af1c0d89-16f1-4547-b10e-7f82f99d2bfb', 'username30', 'user30@example.com',
        '$2a$10$QnLBx1AZRoKGi6NTaCFTxOc1AnuRiKJo.2iQZyLNHW5jBJ5yRiwQq', 'ROLE_USER', 'SERVER', FALSE, NOW(), NOW()),
       ('2327a526-f7d6-4408-a4fb-169860129157', 'username31', 'user31@example.com',
        '$2a$10$QnLBx1AZRoKGi6NTaCFTxOc1AnuRiKJo.2iQZyLNHW5jBJ5yRiwQq', 'ROLE_USER', 'SERVER', FALSE, NOW(), NOW()),
       ('1c923af2-7595-4076-9884-419ac76f4c8e', 'username32', 'user32@example.com',
        '$2a$10$QnLBx1AZRoKGi6NTaCFTxOc1AnuRiKJo.2iQZyLNHW5jBJ5yRiwQq', 'ROLE_USER', 'SERVER', FALSE, NOW(), NOW()),
       ('91bf7e7d-f113-40c1-bbdd-36add0958b09', 'username33', 'user33@example.com',
        '$2a$10$QnLBx1AZRoKGi6NTaCFTxOc1AnuRiKJo.2iQZyLNHW5jBJ5yRiwQq', 'ROLE_USER', 'SERVER', FALSE, NOW(), NOW()),
       ('cf120c5b-2597-4be1-9995-267e55ee6fff', 'username34', 'user34@example.com',
        '$2a$10$QnLBx1AZRoKGi6NTaCFTxOc1AnuRiKJo.2iQZyLNHW5jBJ5yRiwQq', 'ROLE_USER', 'SERVER', FALSE, NOW(), NOW()),
       ('401b6f86-bc37-4c72-9aab-5db66f1a5836', 'username35', 'user35@example.com',
        '$2a$10$QnLBx1AZRoKGi6NTaCFTxOc1AnuRiKJo.2iQZyLNHW5jBJ5yRiwQq', 'ROLE_USER', 'SERVER', FALSE, NOW(), NOW()),
       ('b79b1be3-61d0-49fa-b645-53aa1cc7cf16', 'username36', 'user36@example.com',
        '$2a$10$QnLBx1AZRoKGi6NTaCFTxOc1AnuRiKJo.2iQZyLNHW5jBJ5yRiwQq', 'ROLE_USER', 'SERVER', FALSE, NOW(), NOW()),
       ('b432ab9e-bac1-4dab-a8dd-12970f2027ec', 'username37', 'user37@example.com',
        '$2a$10$QnLBx1AZRoKGi6NTaCFTxOc1AnuRiKJo.2iQZyLNHW5jBJ5yRiwQq', 'ROLE_USER', 'SERVER', FALSE, NOW(), NOW()),
       ('9bad952d-49f3-42bb-ae9e-7159cba8fbbc', 'username38', 'user38@example.com',
        '$2a$10$QnLBx1AZRoKGi6NTaCFTxOc1AnuRiKJo.2iQZyLNHW5jBJ5yRiwQq', 'ROLE_USER', 'SERVER', FALSE, NOW(), NOW()),
       ('c2656eac-5b8e-4b9d-8a17-92e22874763f', 'username39', 'user39@example.com',
        '$2a$10$QnLBx1AZRoKGi6NTaCFTxOc1AnuRiKJo.2iQZyLNHW5jBJ5yRiwQq', 'ROLE_USER', 'SERVER', FALSE, NOW(), NOW()),
       ('b2804623-97ce-45e9-9a7f-193065ed6db2', 'username40', 'user40@example.com',
        '$2a$10$QnLBx1AZRoKGi6NTaCFTxOc1AnuRiKJo.2iQZyLNHW5jBJ5yRiwQq', 'ROLE_USER', 'SERVER', FALSE, NOW(), NOW()),
       ('067dcb77-80da-46c0-ac28-fed038afda30', 'username41', 'user41@example.com',
        '$2a$10$QnLBx1AZRoKGi6NTaCFTxOc1AnuRiKJo.2iQZyLNHW5jBJ5yRiwQq', 'ROLE_USER', 'SERVER', FALSE, NOW(), NOW()),
       ('66b5ce85-1e54-4617-b173-1db6452a1c29', 'username42', 'user42@example.com',
        '$2a$10$QnLBx1AZRoKGi6NTaCFTxOc1AnuRiKJo.2iQZyLNHW5jBJ5yRiwQq', 'ROLE_USER', 'SERVER', FALSE, NOW(), NOW()),
       ('95c01318-cdd2-4201-a728-6239ec4e1f3a', 'username43', 'user43@example.com',
        '$2a$10$QnLBx1AZRoKGi6NTaCFTxOc1AnuRiKJo.2iQZyLNHW5jBJ5yRiwQq', 'ROLE_USER', 'SERVER', FALSE, NOW(), NOW()),
       ('a70e1a8b-2f3b-4143-a7e4-f06c5e124ba2', 'username44', 'user44@example.com',
        '$2a$10$QnLBx1AZRoKGi6NTaCFTxOc1AnuRiKJo.2iQZyLNHW5jBJ5yRiwQq', 'ROLE_USER', 'SERVER', FALSE, NOW(), NOW()),
       ('1d88edfd-3b3c-43a4-8c5b-aff3dfa35e3e', 'username45', 'user45@example.com',
        '$2a$10$QnLBx1AZRoKGi6NTaCFTxOc1AnuRiKJo.2iQZyLNHW5jBJ5yRiwQq', 'ROLE_USER', 'SERVER', FALSE, NOW(), NOW()),
       ('2fc32a57-7134-41a4-bfd7-3035aa8ce685', 'username46', 'user46@example.com',
        '$2a$10$QnLBx1AZRoKGi6NTaCFTxOc1AnuRiKJo.2iQZyLNHW5jBJ5yRiwQq', 'ROLE_USER', 'SERVER', FALSE, NOW(), NOW()),
       ('ead485be-165f-4e29-9b7a-d70b30b47c9e', 'username47', 'user47@example.com',
        '$2a$10$QnLBx1AZRoKGi6NTaCFTxOc1AnuRiKJo.2iQZyLNHW5jBJ5yRiwQq', 'ROLE_USER', 'SERVER', FALSE, NOW(), NOW()),
       ('4e9d7414-c288-4824-b7b7-aea76bae8a83', 'username48', 'user48@example.com',
        '$2a$10$QnLBx1AZRoKGi6NTaCFTxOc1AnuRiKJo.2iQZyLNHW5jBJ5yRiwQq', 'ROLE_USER', 'SERVER', FALSE, NOW(), NOW()),
       ('6fc6e492-dc3c-4018-b601-dc3a0b279380', 'username49', 'user49@example.com',
        '$2a$10$QnLBx1AZRoKGi6NTaCFTxOc1AnuRiKJo.2iQZyLNHW5jBJ5yRiwQq', 'ROLE_USER', 'SERVER', FALSE, NOW(), NOW()),
       ('235f21e4-e5b9-4c43-9134-66aa391d5511', 'username50', 'user50@example.com',
        '$2a$10$QnLBx1AZRoKGi6NTaCFTxOc1AnuRiKJo.2iQZyLNHW5jBJ5yRiwQq', 'ROLE_USER', 'SERVER', FALSE, NOW(), NOW()),
       ('dbc36074-cc64-4d39-b085-386b620d98d9', 'username51', 'user51@example.com',
        '$2a$10$QnLBx1AZRoKGi6NTaCFTxOc1AnuRiKJo.2iQZyLNHW5jBJ5yRiwQq', 'ROLE_USER', 'SERVER', FALSE, NOW(), NOW()),
       ('e460bb61-2190-4393-a767-8c2815d3ab83', 'username52', 'user52@example.com',
        '$2a$10$QnLBx1AZRoKGi6NTaCFTxOc1AnuRiKJo.2iQZyLNHW5jBJ5yRiwQq', 'ROLE_USER', 'SERVER', FALSE, NOW(), NOW()),
       ('3567176a-ebee-4935-9b25-623db2ec31ed', 'username53', 'user53@example.com',
        '$2a$10$QnLBx1AZRoKGi6NTaCFTxOc1AnuRiKJo.2iQZyLNHW5jBJ5yRiwQq', 'ROLE_USER', 'SERVER', FALSE, NOW(), NOW()),
       ('e867ad81-e2df-418e-b137-3fe7a4eb736f', 'username54', 'user54@example.com',
        '$2a$10$QnLBx1AZRoKGi6NTaCFTxOc1AnuRiKJo.2iQZyLNHW5jBJ5yRiwQq', 'ROLE_USER', 'SERVER', FALSE, NOW(), NOW()),
       ('65e1432e-d8c4-4913-8a37-8a2463a059a5', 'username55', 'user55@example.com',
        '$2a$10$QnLBx1AZRoKGi6NTaCFTxOc1AnuRiKJo.2iQZyLNHW5jBJ5yRiwQq', 'ROLE_USER', 'SERVER', FALSE, NOW(), NOW()),
       ('05ed21aa-48f2-40d9-b3ce-0180937ed713', 'username56', 'user56@example.com',
        '$2a$10$QnLBx1AZRoKGi6NTaCFTxOc1AnuRiKJo.2iQZyLNHW5jBJ5yRiwQq', 'ROLE_USER', 'SERVER', FALSE, NOW(), NOW()),
       ('530f9f58-42d7-4976-bf37-fd607a68848d', 'username57', 'user57@example.com',
        '$2a$10$QnLBx1AZRoKGi6NTaCFTxOc1AnuRiKJo.2iQZyLNHW5jBJ5yRiwQq', 'ROLE_USER', 'SERVER', FALSE, NOW(), NOW()),
       ('1b9bd777-3cd7-480e-ac98-8e9422ba66cf', 'username58', 'user58@example.com',
        '$2a$10$QnLBx1AZRoKGi6NTaCFTxOc1AnuRiKJo.2iQZyLNHW5jBJ5yRiwQq', 'ROLE_USER', 'SERVER', FALSE, NOW(), NOW()),
       ('010d98fb-5805-4032-8db5-bc5fd2d3994c', 'username59', 'user59@example.com',
        '$2a$10$QnLBx1AZRoKGi6NTaCFTxOc1AnuRiKJo.2iQZyLNHW5jBJ5yRiwQq', 'ROLE_USER', 'SERVER', FALSE, NOW(), NOW()),
       ('18b2613f-7a3c-4163-877f-0a603f59d281', 'username60', 'user60@example.com',
        '$2a$10$QnLBx1AZRoKGi6NTaCFTxOc1AnuRiKJo.2iQZyLNHW5jBJ5yRiwQq', 'ROLE_USER', 'SERVER', FALSE, NOW(), NOW()),
       ('d97d8e4e-5bb5-44f6-8188-f1226732edff', 'username61_628a5270-c3f4-4867-857b-3fcb8860dbeb',
        'user61@example.com_628a5270-c3f4-4867-857b-3fcb8860dbeb',
        '$2a$10$QnLBx1AZRoKGi6NTaCFTxOc1AnuRiKJo.2iQZyLNHW5jBJ5yRiwQq', 'ROLE_USER', 'SERVER', TRUE, NOW(), NOW()),
       ('1d92f242-11d0-49e9-83fc-ef72a717844f', 'username62_5f27a1b6-3da9-4066-933f-ca8883b9bc5c',
        'user62@example.com_5f27a1b6-3da9-4066-933f-ca8883b9bc5c',
        '$2a$10$QnLBx1AZRoKGi6NTaCFTxOc1AnuRiKJo.2iQZyLNHW5jBJ5yRiwQq', 'ROLE_USER', 'SERVER', TRUE, NOW(), NOW()),
       ('f9b22083-7771-4dab-90aa-7b8d7352024b', 'username63_877ab486-cc44-4659-beae-926d05d0c51a',
        'user63@example.com_877ab486-cc44-4659-beae-926d05d0c51a',
        '$2a$10$QnLBx1AZRoKGi6NTaCFTxOc1AnuRiKJo.2iQZyLNHW5jBJ5yRiwQq', 'ROLE_USER', 'SERVER', TRUE, NOW(), NOW()),
       ('53b81257-8a2a-4b05-8887-00b2f7fd8326', 'username64_d89695e7-3e9a-4bea-8dea-a55e99e44e55',
        'user64@example.com_d89695e7-3e9a-4bea-8dea-a55e99e44e55',
        '$2a$10$QnLBx1AZRoKGi6NTaCFTxOc1AnuRiKJo.2iQZyLNHW5jBJ5yRiwQq', 'ROLE_USER', 'SERVER', TRUE, NOW(), NOW()),
       ('9c721efb-3734-4bbe-823c-c97b2e0c4a57', 'username65_25a7e7df-7652-429e-bd46-ec451d1d6322',
        'user65@example.com_25a7e7df-7652-429e-bd46-ec451d1d6322',
        '$2a$10$QnLBx1AZRoKGi6NTaCFTxOc1AnuRiKJo.2iQZyLNHW5jBJ5yRiwQq', 'ROLE_USER', 'SERVER', TRUE, NOW(), NOW()),
       ('a25cbd07-6241-4205-be56-215e1891ec2f', 'username66_ee022591-2fb5-4211-bcd6-725521739155',
        'user66@example.com_ee022591-2fb5-4211-bcd6-725521739155',
        '$2a$10$QnLBx1AZRoKGi6NTaCFTxOc1AnuRiKJo.2iQZyLNHW5jBJ5yRiwQq', 'ROLE_USER', 'SERVER', TRUE, NOW(), NOW()),
       ('b4566c48-251d-47d5-8f94-3cd6e6c1ecd4', 'username67_c80c30ca-b557-4cd4-a46d-2953f49c331b',
        'user67@example.com_c80c30ca-b557-4cd4-a46d-2953f49c331b',
        '$2a$10$QnLBx1AZRoKGi6NTaCFTxOc1AnuRiKJo.2iQZyLNHW5jBJ5yRiwQq', 'ROLE_USER', 'SERVER', TRUE, NOW(), NOW()),
       ('3dfc1a7d-1fb4-4269-b239-98e0eea78fb1', 'username68_c63fd5d1-c51a-489b-a360-6a0d3e91670f',
        'user68@example.com_c63fd5d1-c51a-489b-a360-6a0d3e91670f',
        '$2a$10$QnLBx1AZRoKGi6NTaCFTxOc1AnuRiKJo.2iQZyLNHW5jBJ5yRiwQq', 'ROLE_USER', 'SERVER', TRUE, NOW(), NOW()),
       ('558c45d4-dfac-4a9b-a906-924329f4b38b', 'username69_6180a1bd-8d71-4a89-a683-e0c946197abd',
        'user69@example.com_6180a1bd-8d71-4a89-a683-e0c946197abd',
        '$2a$10$QnLBx1AZRoKGi6NTaCFTxOc1AnuRiKJo.2iQZyLNHW5jBJ5yRiwQq', 'ROLE_USER', 'SERVER', TRUE, NOW(), NOW()),
       ('8c4f1481-12fd-498f-95e8-a1287bfe8be9', 'username70_ea861c66-01a0-434a-8a48-f88b0841c828',
        'user70@example.com_ea861c66-01a0-434a-8a48-f88b0841c828',
        '$2a$10$QnLBx1AZRoKGi6NTaCFTxOc1AnuRiKJo.2iQZyLNHW5jBJ5yRiwQq', 'ROLE_USER', 'SERVER', TRUE, NOW(), NOW()),


       ('a8a8cbf7-ae99-4b45-81ee-7d99b72aa317', 'seller', 'seller@example.com',
        '$2a$10$QnLBx1AZRoKGi6NTaCFTxOc1AnuRiKJo.2iQZyLNHW5jBJ5yRiwQq', 'ROLE_SELLER', 'SERVER', FALSE, NOW(), NOW()),
       ('6f3f2761-0fa0-43f3-bd22-e658e2a5d7df', 'seller2', 'seller2@example.com',
        '$2a$10$QnLBx1AZRoKGi6NTaCFTxOc1AnuRiKJo.2iQZyLNHW5jBJ5yRiwQq', 'ROLE_SELLER', 'SERVER', FALSE, NOW(), NOW()),
       ('e766a25f-dd4a-4966-9b2c-cd1a1ec3a67d', 'seller3', 'seller3@example.com',
        '$2a$10$QnLBx1AZRoKGi6NTaCFTxOc1AnuRiKJo.2iQZyLNHW5jBJ5yRiwQq', 'ROLE_SELLER', 'SERVER', FALSE, NOW(), NOW()),
       ('35e54eec-1eae-46b8-aacc-b005be7c56f3', 'seller4', 'seller4@example.com',
        '$2a$10$QnLBx1AZRoKGi6NTaCFTxOc1AnuRiKJo.2iQZyLNHW5jBJ5yRiwQq', 'ROLE_SELLER', 'SERVER', FALSE, NOW(), NOW()),
       ('80625d11-0e21-472b-b7ad-ebb36e488e19', 'seller5', 'seller5@example.com',
        '$2a$10$QnLBx1AZRoKGi6NTaCFTxOc1AnuRiKJo.2iQZyLNHW5jBJ5yRiwQq', 'ROLE_SELLER', 'SERVER', FALSE, NOW(), NOW()),
       ('ff822b19-dea4-443f-896c-32b76190ca3a', 'seller6', 'seller6@example.com',
        '$2a$10$QnLBx1AZRoKGi6NTaCFTxOc1AnuRiKJo.2iQZyLNHW5jBJ5yRiwQq', 'ROLE_SELLER', 'SERVER', FALSE, NOW(), NOW()),
       ('baf09119-a10c-4200-b71c-24d4f9cb1e20', 'seller7', 'seller7@example.com',
        '$2a$10$QnLBx1AZRoKGi6NTaCFTxOc1AnuRiKJo.2iQZyLNHW5jBJ5yRiwQq', 'ROLE_SELLER', 'SERVER', FALSE, NOW(), NOW()),
       ('c167eb1d-b9f1-4888-979b-8ecd75a92ddd', 'seller8', 'seller8@example.com',
        '$2a$10$QnLBx1AZRoKGi6NTaCFTxOc1AnuRiKJo.2iQZyLNHW5jBJ5yRiwQq', 'ROLE_SELLER', 'SERVER', FALSE, NOW(), NOW()),
       ('518e4e93-dce8-4fb4-a168-480cf3993a7b', 'seller9', 'seller9@example.com',
        '$2a$10$QnLBx1AZRoKGi6NTaCFTxOc1AnuRiKJo.2iQZyLNHW5jBJ5yRiwQq', 'ROLE_SELLER', 'SERVER', FALSE, NOW(), NOW()),
       ('33b79d1e-b03d-460a-a4a5-44bfeb7ae5ea', 'seller10', 'seller10@example.com',
        '$2a$10$QnLBx1AZRoKGi6NTaCFTxOc1AnuRiKJo.2iQZyLNHW5jBJ5yRiwQq', 'ROLE_SELLER', 'SERVER', FALSE, NOW(), NOW()),
       ('dec9cdd3-e0f6-4e0f-9f01-24dd770d93e8', 'seller11', 'seller11@example.com',
        '$2a$10$QnLBx1AZRoKGi6NTaCFTxOc1AnuRiKJo.2iQZyLNHW5jBJ5yRiwQq', 'ROLE_SELLER', 'SERVER', FALSE, NOW(), NOW()),
       ('36322e3d-8d15-49ca-b4cb-c31c19493392', 'seller12', 'seller12@example.com',
        '$2a$10$QnLBx1AZRoKGi6NTaCFTxOc1AnuRiKJo.2iQZyLNHW5jBJ5yRiwQq', 'ROLE_SELLER', 'SERVER', FALSE, NOW(), NOW()),
       ('fb410eda-8352-40c3-be87-75e6a46a7e82', 'seller13', 'seller13@example.com',
        '$2a$10$QnLBx1AZRoKGi6NTaCFTxOc1AnuRiKJo.2iQZyLNHW5jBJ5yRiwQq', 'ROLE_SELLER', 'SERVER', FALSE, NOW(), NOW()),
       ('2dbc8031-b9b8-43bb-b6d2-4d39999d6ecd', 'seller14', 'seller14@example.com',
        '$2a$10$QnLBx1AZRoKGi6NTaCFTxOc1AnuRiKJo.2iQZyLNHW5jBJ5yRiwQq', 'ROLE_SELLER', 'SERVER', FALSE, NOW(), NOW()),
       ('ad6c4bf4-e2e2-4498-a1a9-1c23910e1486', 'seller15', 'seller15@example.com',
        '$2a$10$QnLBx1AZRoKGi6NTaCFTxOc1AnuRiKJo.2iQZyLNHW5jBJ5yRiwQq', 'ROLE_SELLER', 'SERVER', FALSE, NOW(), NOW()),
       ('7eda0a54-39f0-4330-adfa-e5cf54193822', 'seller16', 'seller16@example.com',
        '$2a$10$QnLBx1AZRoKGi6NTaCFTxOc1AnuRiKJo.2iQZyLNHW5jBJ5yRiwQq', 'ROLE_SELLER', 'SERVER', FALSE, NOW(), NOW()),
       ('bd7446f9-6bb1-4d31-93f6-8dea07940909', 'seller17', 'seller17@example.com',
        '$2a$10$QnLBx1AZRoKGi6NTaCFTxOc1AnuRiKJo.2iQZyLNHW5jBJ5yRiwQq', 'ROLE_SELLER', 'SERVER', FALSE, NOW(), NOW()),
       ('91c7e0b1-e63b-4354-bf4b-d84112bd88c9', 'seller18', 'seller18@example.com',
        '$2a$10$QnLBx1AZRoKGi6NTaCFTxOc1AnuRiKJo.2iQZyLNHW5jBJ5yRiwQq', 'ROLE_SELLER', 'SERVER', FALSE, NOW(), NOW()),
       ('b668f3d7-739e-4307-bf21-24276d55975a', 'seller19', 'seller19@example.com',
        '$2a$10$QnLBx1AZRoKGi6NTaCFTxOc1AnuRiKJo.2iQZyLNHW5jBJ5yRiwQq', 'ROLE_SELLER', 'SERVER', FALSE, NOW(), NOW()),
       ('df1bf824-03f9-4cbf-afdc-2d3d9e276065', 'seller20', 'seller20@example.com',
        '$2a$10$QnLBx1AZRoKGi6NTaCFTxOc1AnuRiKJo.2iQZyLNHW5jBJ5yRiwQq', 'ROLE_SELLER', 'SERVER', FALSE, NOW(), NOW()),
       ('ce2b51d7-1fef-4aad-8736-037ff484d7eb', 'seller21', 'seller21@example.com',
        '$2a$10$QnLBx1AZRoKGi6NTaCFTxOc1AnuRiKJo.2iQZyLNHW5jBJ5yRiwQq', 'ROLE_SELLER', 'SERVER', FALSE, NOW(), NOW()),
       ('8adb6c97-6555-46e6-a394-e9be50524fbc', 'seller22', 'seller22@example.com',
        '$2a$10$QnLBx1AZRoKGi6NTaCFTxOc1AnuRiKJo.2iQZyLNHW5jBJ5yRiwQq', 'ROLE_SELLER', 'SERVER', FALSE, NOW(), NOW()),
       ('9fb52916-6eb8-4089-9c35-93e807ac1f46', 'seller23', 'seller23@example.com',
        '$2a$10$QnLBx1AZRoKGi6NTaCFTxOc1AnuRiKJo.2iQZyLNHW5jBJ5yRiwQq', 'ROLE_SELLER', 'SERVER', FALSE, NOW(), NOW()),
       ('36877a49-9a86-4727-ac6b-aac72287b655', 'seller24', 'seller24@example.com',
        '$2a$10$QnLBx1AZRoKGi6NTaCFTxOc1AnuRiKJo.2iQZyLNHW5jBJ5yRiwQq', 'ROLE_SELLER', 'SERVER', FALSE, NOW(), NOW()),
       ('ea861c66-01a0-434a-8a48-f88b0841c828', 'seller25', 'seller25@example.com',
        '$2a$10$QnLBx1AZRoKGi6NTaCFTxOc1AnuRiKJo.2iQZyLNHW5jBJ5yRiwQq', 'ROLE_SELLER', 'SERVER', FALSE, NOW(), NOW());


INSERT INTO COMPANY (ID, MEMBERID, COMPANYNAME, DESCRIPTION, PHONE, ADDRESS, DETAILADDRESS, ISAPPLIED, ISDELETED,
                     CREATEDAT, UPDATEDAT)
VALUES ('d7e3b2f1-4a5e-4d0d-bc18-8c79c63c7c68', 'a8a8cbf7-ae99-4b45-81ee-7d99b72aa317', '에코 디자인',
        '고객 만족도 100%를 목표로 디자인합니다.',
        '010-2345-6789', '서울 마포구 독막로38길 32 (대흥동, 마포나루타운)', '3층 에코 디자인', TRUE, FALSE, NOW(), NOW()),
       ('168017c2-79ca-4c87-9eb1-1f97204150a2', '6f3f2761-0fa0-43f3-bd22-e658e2a5d7df', '아트리움', NULL,
        '010-1234-5678', '서울 영등포구 영신로43길 8-14', '3층', TRUE, FALSE, NOW(), NOW()),
       ('48782f22-0d19-4548-a605-10327389ba6b', 'e766a25f-dd4a-4966-9b2c-cd1a1ec3a67d', 'Urban Chic Designs', NULL,
        '010-1234-5678', '서울 성북구 종암로13길 16-10', '1층 우반틱디자인스', TRUE, FALSE, NOW(), NOW()),
       ('a1c4d6b4-5e2c-4b7e-9c4d-9f5d0f5e2c11', '35e54eec-1eae-46b8-aacc-b005be7c56f3', 'SY 인테리어',
        '고객 만족도 100%를 목표로 디자인합니다.',
        '010-3456-7890', '서울 동대문구 약령중앙로 67-1', '지층 102호', TRUE, FALSE, NOW(), NOW()),
       ('b2f4d3e6-8b8c-4a1e-9c2c-5f6a7e1c4b12', '80625d11-0e21-472b-b7ad-ebb36e488e19', '행복한 공간',
        '고객 만족도 100%를 목표로 디자인합니다.',
        '010-4567-8901', '서울 영등포구 영신로43길 8-14', '3층', TRUE, FALSE, NOW(), NOW()),
       ('c3e5d4f7-1a9c-4d2e-8b4e-7c8d3f5b2a14', 'ff822b19-dea4-443f-896c-32b76190ca3a', '인테리어 클리닉',
        '고객 만족도 100%를 목표로 디자인합니다.',
        '010-1234-5678', '서울 영등포구 영신로43길 8-14', '3층', TRUE, FALSE, NOW(), NOW()),
       ('6c276795-fe5e-4b40-b7cc-3886f63d48db', 'baf09119-a10c-4200-b71c-24d4f9cb1e20', '쉼터 디자인',
        '고객 만족도 100%를 목표로 디자인합니다.',
        '010-1234-5678', '서울 영등포구 영신로43길 8-14', '3층', TRUE, FALSE, NOW(), NOW()),
       ('a94ea002-c375-41ed-b2d8-375a56d5e43e', 'c167eb1d-b9f1-4888-979b-8ecd75a92ddd', '아트 인테리어',
        '고객 만족도 100%를 목표로 디자인합니다.',
        '010-1234-5678', '서울 영등포구 영신로43길 8-14', '3층', TRUE, FALSE, NOW(), NOW()),
       ('407ccc71-329e-44ff-b7ea-93d4a6eac964', '518e4e93-dce8-4fb4-a168-480cf3993a7b', '꿈꾸는 공간',
        '고객 만족도 100%를 목표로 디자인합니다.',
        '010-1234-5678', '서울 영등포구 영신로43길 8-14', '3층', TRUE, FALSE, NOW(), NOW()),
       ('73a76686-0416-41d1-a9a1-90cd24d9d545', '33b79d1e-b03d-460a-a4a5-44bfeb7ae5ea', '모던 홈',
        '고객 만족도 100%를 목표로 디자인합니다.',
        '010-1234-5678', '서울 영등포구 영신로43길 8-14', '3층', TRUE, FALSE, NOW(), NOW()),
       ('467260af-f80f-4047-9275-1ea66ef0a142', 'dec9cdd3-e0f6-4e0f-9f01-24dd770d93e8', '디자인 스튜디오',
        '고객 만족도 100%를 목표로 디자인합니다.',
        '010-1234-5678', '서울 영등포구 영신로43길 8-14', '3층', TRUE, FALSE, NOW(), NOW()),
       ('2670fc70-db30-405e-ac7b-6d2772cc0dbf', '36322e3d-8d15-49ca-b4cb-c31c19493392', '아늑한 집',
        '고객 만족도 100%를 목표로 디자인합니다.',
        '010-1234-5678', '서울 영등포구 영신로43길 8-14', '3층', TRUE, FALSE, NOW(), NOW()),
       ('ad508a56-6628-4505-95d9-6f60a5112cf5', 'fb410eda-8352-40c3-be87-75e6a46a7e82', '스타일 업',
        '고객 만족도 100%를 목표로 디자인합니다.',
        '010-1234-5678', '서울 영등포구 영신로43길 8-14', '3층', TRUE, FALSE, NOW(), NOW()),
       ('42f740f5-3da2-481a-a7bd-86bf34038cd0', '2dbc8031-b9b8-43bb-b6d2-4d39999d6ecd', '디자인 하우스',
        '고객 만족도 100%를 목표로 디자인합니다.',
        '010-1234-5678', '서울 영등포구 영신로43길 8-14', '3층', TRUE, FALSE, NOW(), NOW()),
       ('36dbdec1-6fce-42b7-aa8f-2a81bfe0a28a', 'ad6c4bf4-e2e2-4498-a1a9-1c23910e1486', '인스파이어 디자인',
        '고객 만족도 100%를 목표로 디자인합니다.',
        '010-1234-5678', '서울 영등포구 영신로43길 8-14', '3층', TRUE, FALSE, NOW(), NOW()),
       ('b3e524e5-48e6-47c7-899e-d073a1b0d50a', '7eda0a54-39f0-4330-adfa-e5cf54193822', '공간 이야기',
        '고객 만족도 100%를 목표로 디자인합니다.',
        '010-1234-5678', '서울 영등포구 영신로43길 8-14', '3층', TRUE, FALSE, NOW(), NOW()),
       ('d8abdebe-9068-4f32-b1f1-43a7e6d3a8b2', 'bd7446f9-6bb1-4d31-93f6-8dea07940909', '아트풀 홈',
        '고객 만족도 100%를 목표로 디자인합니다.',
        '010-1234-5678', '서울 영등포구 영신로43길 8-14', '3층', TRUE, FALSE, NOW(), NOW()),
       ('8475dfe7-9aa8-4ca9-84ae-4ce8a7b41b21', '91c7e0b1-e63b-4354-bf4b-d84112bd88c9', '블루밍 스페이스',
        '고객 만족도 100%를 목표로 디자인합니다.',
        '010-1234-5678', '서울 영등포구 영신로43길 8-14', '3층', TRUE, FALSE, NOW(), NOW()),
       ('6f063094-24e8-4a84-bf43-cacbe4ba024a', 'b668f3d7-739e-4307-bf21-24276d55975a', '미니멀리즘 하우스',
        '고객 만족도 100%를 목표로 디자인합니다.',
        '010-1234-5678', '서울 영등포구 영신로43길 8-14', '3층', TRUE, FALSE, NOW(), NOW()),
       ('66df2020-3f24-475e-b98a-9f3572fcb30e', 'df1bf824-03f9-4cbf-afdc-2d3d9e276065', '하모니 인테리어',
        '고객 만족도 100%를 목표로 디자인합니다.',
        '010-1234-5678', '서울 영등포구 영신로43길 8-14', '3층', TRUE, FALSE, NOW(), NOW()),
       ('5beb4d38-7a9b-4b5e-b42a-3f81bee6b93a', 'ce2b51d7-1fef-4aad-8736-037ff484d7eb', '레트로 스타일',
        '고객 만족도 100%를 목표로 디자인합니다.',
        '010-1234-5678', '서울 영등포구 영신로43길 8-14', '3층', TRUE, FALSE, NOW(), NOW()),
       ('97e172eb-65cd-49c0-bea5-c968da03d9e3', '8adb6c97-6555-46e6-a394-e9be50524fbc', '그린 인테리어',
        '고객 만족도 100%를 목표로 디자인합니다.',
        '010-1234-5678', '서울 영등포구 영신로43길 8-14', '3층', TRUE, FALSE, NOW(), NOW()),
       ('1e96d3f4-63e0-494c-a680-8f2e03e7374a', '9fb52916-6eb8-4089-9c35-93e807ac1f46', '패셔너블 스페이스',
        '고객 만족도 100%를 목표로 디자인합니다.',
        '010-1234-5678', '서울 영등포구 영신로43길 8-14', '3층', FALSE, FALSE, NOW(), NOW()),
       ('8fcf1210-554f-4853-ba4f-ec8412520b30', '36877a49-9a86-4727-ac6b-aac72287b655', '무드 인테리어',
        '고객 만족도 100%를 목표로 디자인합니다.',
        '010-1234-5678', '서울 영등포구 영신로43길 8-14', '3층', FALSE, FALSE, NOW(), NOW()),
       ('43ea9955-0429-4413-b61a-3e2e27632134', 'ea861c66-01a0-434a-8a48-f88b0841c828', '크리에이티브 하우스',
        '고객 만족도 100%를 목표로 디자인합니다.',
        '010-1234-5678', '서울 영등포구 영신로43길 8-14', '3층', FALSE, FALSE, NOW(), NOW());


INSERT INTO PORTFOLIO (ID, COMPANYID, TITLE, DESCRIPTION, ISDELETED, CREATEDAT, UPDATEDAT)
VALUES ('136780e7-9ead-46fc-8526-32fa58fe5846', 'd7e3b2f1-4a5e-4d0d-bc18-8c79c63c7c68', '평범한 공간을 감각적인 공간으로',
        E'에코디자인은 삶을 인테리어합니다.\r\n내가 만들고 싶은 공간을 함께 고민하고, 시공까지 믿고 맏길 수 있는 스튜디오입니다.\r\n\r\n- 공간디자인 제안서\r\n- 견적서 제공\r\n- 책임감 있는 작업자 선별',
        FALSE, NOW(), NOW()),
       ('f7ee9484-9c7e-4868-8d5c-0e344727e220', 'd7e3b2f1-4a5e-4d0d-bc18-8c79c63c7c68', '고객의 취향에 맞춘 세련된 인테리어',
        E'- 공간 디자인\r\n- 인테리어 설계\r\n- 인테리어 시공',
        FALSE, NOW(), NOW()),
       ('8f2656be-2ba6-48f0-852c-0ce7901c7694', 'd7e3b2f1-4a5e-4d0d-bc18-8c79c63c7c68',
        '뉴욕 현직 인테리어 전문가의 디자인 컨설팅을 받아보세요.', E'- 공간 디자인\r\n- 인테리어 설계\r\n- 인테리어 시공',
        FALSE, NOW(), NOW()),
       ('32a53d61-d796-4dd5-85e5-de5ae790e3d0', 'd7e3b2f1-4a5e-4d0d-bc18-8c79c63c7c68', '가구와 소품으로 완성하는 고급스러운 공간',
        E'- 공간 디자인\r\n- 인테리어 설계\r\n- 인테리어 시공',
        FALSE, NOW(), NOW()),
       ('a84a9e98-3eb0-4542-9bd0-94b54de5276f', 'd7e3b2f1-4a5e-4d0d-bc18-8c79c63c7c68', '고객의 라이프스타일에 맞춘 혁신적인 인테리어',
        E'- 공간 디자인\r\n- 인테리어 설계\r\n- 인테리어 시공',
        FALSE, NOW(), NOW()),
       ('ddf6aa59-f105-4a47-801c-2ec2166c25a2', '168017c2-79ca-4c87-9eb1-1f97204150a2', '사무실, 이벤트, 촬영을 위한 전문 스타일링',
        E'- 공간 디자인\r\n- 인테리어 설계\r\n- 인테리어 시공',
        FALSE, NOW(), NOW()),
       ('588df554-dfa5-40bf-bcb3-89da95baf4aa', '168017c2-79ca-4c87-9eb1-1f97204150a2', '건물 리모델링과 신축 디자인을 전문적으로 설계합니다.',
        E'- 공간 디자인\r\n- 인테리어 설계\r\n- 인테리어 시공',
        FALSE, NOW(), NOW()),
       ('c555ca13-b258-484f-9cd0-706c4a8c02bc', '168017c2-79ca-4c87-9eb1-1f97204150a2', '인테리어 전문가와 함께 상업 공간을 매력적으로',
        E'- 공간 디자인\r\n- 인테리어 설계\r\n- 인테리어 시공',
        FALSE, NOW(), NOW()),
       ('f7542254-ea9e-4d78-8443-ae5e8597ca00', '168017c2-79ca-4c87-9eb1-1f97204150a2', '고객의 개성을 살린 독창적인 인테리어',
        E'- 공간 디자인\r\n- 인테리어 설계\r\n- 인테리어 시공',
        FALSE, NOW(), NOW()),
       ('448a1330-a32e-4f3c-a5d9-4036c35b3f0c', '168017c2-79ca-4c87-9eb1-1f97204150a2', '신축 프로젝트를 전문적으로 설계합니다.',
        E'- 공간 디자인\r\n- 인테리어 설계\r\n- 인테리어 시공',
        FALSE, NOW(), NOW()),
       ('4019a217-da8d-4203-9a3b-b5ec91be9ebc', '48782f22-0d19-4548-a605-10327389ba6b', '창의적인 디자인 상담 진행',
        E'- 공간 디자인\r\n- 인테리어 설계\r\n- 인테리어 시공',
        FALSE, NOW(), NOW()),
       ('03955dd7-ca58-4e38-95ec-61a9e185a0cf', 'a1c4d6b4-5e2c-4b7e-9c4d-9f5d0f5e2c11', '우아한 공간 완성을 위한 제안',
        E'- 공간 디자인\r\n- 인테리어 설계\r\n- 인테리어 시공',
        FALSE, NOW(), NOW()),
       ('bfa82799-dfe4-4576-95d6-610aa66e458a', 'b2f4d3e6-8b8c-4a1e-9c2c-5f6a7e1c4b12', '실현 가능한 스타일리시한 공간 창출',
        E'- 공간 디자인\r\n- 인테리어 설계\r\n- 인테리어 시공',
        FALSE, NOW(), NOW()),
       ('15bd3565-6d28-4c34-ac7f-dfee9e8f6d33', 'c3e5d4f7-1a9c-4d2e-8b4e-7c8d3f5b2a14', '특별한 경험을 선사하는 홈스타일링',
        E'- 공간 디자인\r\n- 인테리어 설계\r\n- 인테리어 시공',
        FALSE, NOW(), NOW()),
       ('b7717133-b0ab-429a-ad3d-a9a27feab7a3', '6c276795-fe5e-4b40-b7cc-3886f63d48db', '건물 개조 및 신축 설계 전문',
        E'- 공간 디자인\r\n- 인테리어 설계\r\n- 인테리어 시공',
        FALSE, NOW(), NOW()),
       ('874bfa4f-44fa-47a6-88c6-3f8e59db1975', 'a94ea002-c375-41ed-b2d8-375a56d5e43e', '고급스러운 홈스타일링',
        E'- 공간 디자인\r\n- 인테리어 설계\r\n- 인테리어 시공',
        FALSE, NOW(), NOW()),
       ('3e70220e-3b5d-4ba1-81c3-8d484dd8bc62', '407ccc71-329e-44ff-b7ea-93d4a6eac964', '기능성과 미학을 고려한 인테리어',
        E'- 공간 디자인\r\n- 인테리어 설계\r\n- 인테리어 시공',
        FALSE, NOW(), NOW()),
       ('01fc273f-6eb2-4cbf-91f2-bd41cb441695', '73a76686-0416-41d1-a9a1-90cd24d9d545', '스페셜한 이벤트 공간 디자인',
        E'- 공간 디자인\r\n- 인테리어 설계\r\n- 인테리어 시공',
        FALSE, NOW(), NOW()),
       ('33741412-2961-4bd7-b2c3-b8a4a9d34eb0', '467260af-f80f-4047-9275-1ea66ef0a142', '지속 가능한 인테리어',
        E'- 공간 디자인\r\n- 인테리어 설계\r\n- 인테리어 시공',
        FALSE, NOW(), NOW()),
       ('cddf856f-c5f6-4fe1-a196-82098e2271a7', '2670fc70-db30-405e-ac7b-6d2772cc0dbf', '인테리어 디자인 전문가의 3D 인테리어컨설팅',
        E'- 공간 디자인\r\n- 인테리어 설계\r\n- 인테리어 시공',
        FALSE, NOW(), NOW()),
       ('39718eb1-fff2-4104-b966-3c7b4750f9a6', 'ad508a56-6628-4505-95d9-6f60a5112cf5',
        '주거 및 상업공간의 인테리어를 감리 전문가가 도와드립니다.', E'- 공간 디자인\r\n- 인테리어 설계\r\n- 인테리어 시공',
        FALSE, NOW(), NOW()),
       ('c08f8dba-4e9c-4530-b67e-b05861206c15', '42f740f5-3da2-481a-a7bd-86bf34038cd0', '조경 설계, 플랜테리어',
        E'- 공간 디자인\r\n- 인테리어 설계\r\n- 인테리어 시공',
        FALSE, NOW(), NOW()),
       ('720f96dc-9e31-4d1c-9034-08e3c869e8f6', '36dbdec1-6fce-42b7-aa8f-2a81bfe0a28a', '인테리어 공간디자인 기획, 설계, 시공',
        E'- 공간 디자인\r\n- 인테리어 설계\r\n- 인테리어 시공',
        FALSE, NOW(), NOW()),
       ('71b3e58a-94da-44a1-b3d5-7036c4e08c35', 'b3e524e5-48e6-47c7-899e-d073a1b0d50a', '하이엔드 디자인 공간 컨설팅',
        E'- 공간 디자인\r\n- 인테리어 설계\r\n- 인테리어 시공',
        FALSE, NOW(), NOW()),
       ('11f482fa-ba91-4f04-a6ba-d8528ff1ecea', 'd8abdebe-9068-4f32-b1f1-43a7e6d3a8b2', '셀프 인테리어 도움드립니다.',
        E'- 공간 디자인\r\n- 인테리어 설계\r\n- 인테리어 시공',
        FALSE, NOW(), NOW()),
       ('040a58d5-677a-417f-91f1-60849fd5a4f3', '8475dfe7-9aa8-4ca9-84ae-4ce8a7b41b21', '집/상가 모든공간, 배치, 공간 디자인',
        E'- 공간 디자인\r\n- 인테리어 설계\r\n- 인테리어 시공',
        FALSE, NOW(), NOW()),
       ('20913e36-be07-445e-8e51-8941aeb6ba85', '6f063094-24e8-4a84-bf43-cacbe4ba024a', '홈스타일링, 가구배치, 공간 디자인',
        E'- 공간 디자인\r\n- 인테리어 설계\r\n- 인테리어 시공',
        FALSE, NOW(), NOW()),
       ('85bf0f24-38ba-4057-a720-2246d6e4f993', '66df2020-3f24-475e-b98a-9f3572fcb30e', '인테리어 설계부터 시공까지 한번에',
        E'- 공간 디자인\r\n- 인테리어 설계\r\n- 인테리어 시공',
        FALSE, NOW(), NOW()),
       ('cb051bea-9d65-4b17-b9c8-586884cbf311', '5beb4d38-7a9b-4b5e-b42a-3f81bee6b93a', '인테리어 궁금증과 고민 깔끔하게 해결',
        E'- 공간 디자인\r\n- 인테리어 설계\r\n- 인테리어 시공',
        FALSE, NOW(), NOW()),
       ('63dd9b9a-0d1d-45a6-90be-2323d917d517', '97e172eb-65cd-49c0-bea5-c968da03d9e3', '조경공사 쇼룸 카페조경 실내장식',
        E'- 공간 디자인\r\n- 인테리어 설계\r\n- 인테리어 시공',
        FALSE, NOW(), NOW()),
       ('41319d67-21a3-4ab3-bb28-9ec93362a60b', '97e172eb-65cd-49c0-bea5-c968da03d9e3', '스페이스디자인/플렌테리아',
        E'- 공간 디자인\r\n- 인테리어 설계\r\n- 인테리어 시공',
        TRUE, NOW(), NOW()),
       ('17d16dae-3e7b-4ec3-93d9-352f57365b6d', '97e172eb-65cd-49c0-bea5-c968da03d9e3', '공유숙박공간 전문 인테리어 업체',
        E'- 공간 디자인\r\n- 인테리어 설계\r\n- 인테리어 시공',
        TRUE, NOW(), NOW()),
       ('c951bee5-1142-46b9-802c-0dafbac6985d', '97e172eb-65cd-49c0-bea5-c968da03d9e3', '상업공간 전문 인테리어 업체',
        E'- 공간 디자인\r\n- 인테리어 설계\r\n- 인테리어 시공',
        TRUE, NOW(), NOW()),
       ('8f12bf9e-5474-46c5-a480-369437e29572', '97e172eb-65cd-49c0-bea5-c968da03d9e3', '우리집에 딱 맞는 맞춤 커튼 상담, 제작',
        E'- 공간 디자인\r\n- 인테리어 설계\r\n- 인테리어 시공',
        TRUE, NOW(), NOW()),
       ('82ac8fef-826f-4210-b444-99141479ecbd', '97e172eb-65cd-49c0-bea5-c968da03d9e3', '공간 인테리어 디자인 기획 컨설팅',
        E'- 공간 디자인\r\n- 인테리어 설계\r\n- 인테리어 시공',
        TRUE, NOW(), NOW());


INSERT INTO SOLUTION (ID, PORTFOLIOID, TITLE, DESCRIPTION, PRICE, ISDELETED, CREATEDAT, UPDATEDAT)
VALUES ('8871d6a2-f6b8-4dbd-b4f5-8b45dadf7abc', '136780e7-9ead-46fc-8526-32fa58fe5846', '인테리어 설계',
        E'모델링(평 당)\r\n1.5만원\r\n\r\n견적, 시공 협의 가능', 150000,
        FALSE, NOW(), NOW()),
       ('fce78e5f-94a1-48da-a727-1346734bffbf', '136780e7-9ead-46fc-8526-32fa58fe5846', '인테리어 시공',
        E'시공 범위, 면적 등 협의 가능',
        220000, FALSE, NOW(), NOW()),
       ('9faf6fb5-7f8c-4ea9-919a-69eb7a4cbef1', '136780e7-9ead-46fc-8526-32fa58fe5846', '맞춤 인테리어 설계',
        E'모델링(평 당)\r\n2만원\r\n\r\n견적, 시공 협의 가능',
        400000, FALSE, NOW(), NOW()),
       ('53e924ed-1526-428f-9237-bb538f1da9a4', '136780e7-9ead-46fc-8526-32fa58fe5846', '5평 이하',
        E'모델링(평 당)\r\n2.2만원\r\n\r\n견적, 시공 협의 가능',
        150000, TRUE, NOW(), NOW()),
       ('44d175f0-624e-41ea-a3ec-b44d6d5923b6', '136780e7-9ead-46fc-8526-32fa58fe5846', '맟춤 시공',
        '시공 범위, 면적 등 협의 가능',
        500000, TRUE, NOW(), NOW()),
       ('7089762e-6b87-45f9-826b-48b50dd080f3', 'f7ee9484-9c7e-4868-8d5c-0e344727e220', '디자인 컨셉 상담',
        '원하는 스타일에 대한 심층 논의', 80000,
        FALSE, NOW(), NOW()),
       ('70a259e5-1ab7-48a0-bcdb-78df5c360fdb', 'f7ee9484-9c7e-4868-8d5c-0e344727e220', '자재 선택 상담', '재료와 색상에 대한 추천',
        80000, FALSE, NOW(), NOW()),
       ('33da3884-f359-4c13-8d32-bbef15f12eff', 'f7ee9484-9c7e-4868-8d5c-0e344727e220', '3D 모델링 서비스',
        '시각적으로 확인할 수 있는 모델 제공',
        120000, FALSE, NOW(), NOW()),
       ('ea68b922-6299-4a8e-8ced-fceaee702a4d', '8f2656be-2ba6-48f0-852c-0ce7901c7694', '현장 방문 상담', '실제 공간을 보고 상담 진행',
        100000,
        FALSE, NOW(), NOW()),
       ('427d97dc-f92c-4d79-9d93-a6b916c81201', '8f2656be-2ba6-48f0-852c-0ce7901c7694', '맞춤형 인테리어 플랜',
        '고객의 요구에 맞춘 상세 플랜 제안',
        100000, FALSE, NOW(), NOW()),
       ('07d828af-cd90-46f2-add7-cc1d51773d1c', '8f2656be-2ba6-48f0-852c-0ce7901c7694', '공사 작업', '프로젝트 진행 일정 및 단계 설명',
        200000, FALSE, NOW(), NOW()),
       ('a4952577-dd61-49a6-84a1-711e7286a533', '32a53d61-d796-4dd5-85e5-de5ae790e3d0', '공간 분석', '현재 공간의 활용도 및 문제점 분석',
        40000,
        FALSE, NOW(), NOW()),
       ('8de7926d-977f-417d-9a14-08d7eba6b8c0', '32a53d61-d796-4dd5-85e5-de5ae790e3d0', '디자인 아이디어 브레인스토밍',
        '초기 디자인 아이디어 제안',
        30000, FALSE, NOW(), NOW()),
       ('cbd97702-96ed-4716-b488-300f8b66927d', '32a53d61-d796-4dd5-85e5-de5ae790e3d0', '예산안 제시', '예산에 맞춘 기본 옵션 안내',
        20000, FALSE, NOW(), NOW()),
       ('e6e30bdc-312a-4fad-adee-928a79153312', 'a84a9e98-3eb0-4542-9bd0-94b54de5276f', '스타일 분석 상담',
        '고객의 취향과 요구에 맞춘 스타일 분석', 60000,
        FALSE, NOW(), NOW()),
       ('72192709-1d91-44c0-8f1c-22d992526605', 'a84a9e98-3eb0-4542-9bd0-94b54de5276f', '자재 추천 상담',
        '재료와 색상 선택에 대한 전문적인 조언',
        50000, FALSE, NOW(), NOW()),
       ('21a82b81-c7ad-4065-b293-f5bf6bd20d87', 'a84a9e98-3eb0-4542-9bd0-94b54de5276f', '인테리어 시뮬레이션',
        '3D 모델을 통한 디자인 시뮬레이션 제공',
        120000, FALSE, NOW(), NOW()),
       ('51fa3918-579f-48a1-9359-e5b799feb701', 'ddf6aa59-f105-4a47-801c-2ec2166c25a2', '현장 방문 및 상담',
        '실제 공간을 방문하여 상담 진행', 100000,
        FALSE, NOW(), NOW()),
       ('61b3792a-d401-406d-8bf0-11e9c4bf4a1d', 'ddf6aa59-f105-4a47-801c-2ec2166c25a2', '맞춤형 디자인 제안',
        '고객의 요구에 맞춘 상세한 디자인 플랜 제공',
        90000, FALSE, NOW(), NOW()),
       ('224fe333-01ae-4324-b1f4-9901b113619d', 'ddf6aa59-f105-4a47-801c-2ec2166c25a2', '프로젝트 관리 상담',
        '공사 일정과 진행 방법에 대한 안내',
        50000, FALSE, NOW(), NOW()),
       ('6249742f-1c56-4dbb-b896-2fbbc32be1b9', '588df554-dfa5-40bf-bcb3-89da95baf4aa', '공간 활용 분석',
        '현재 공간의 기능과 활용도를 평가', 30000,
        FALSE, NOW(), NOW()),
       ('e1244c8a-f35b-4393-ba79-fdcd11200163', '588df554-dfa5-40bf-bcb3-89da95baf4aa', '디자인 트렌드 소개',
        '최신 인테리어 트렌드 및 스타일 소개',
        20000, FALSE, NOW(), NOW()),
       ('099ce3c5-f8d0-47ab-861a-259768a19b82', '588df554-dfa5-40bf-bcb3-89da95baf4aa', '예산 계획 수립',
        '고객의 예산에 맞춘 기본 계획 수립',
        25000, FALSE, NOW(), NOW()),
       ('c6c60660-f4b0-46e4-90b1-1227a0d677ff', 'c555ca13-b258-484f-9cd0-706c4a8c02bc', '맞춤형 인테리어 설계',
        '고객의 스타일과 요구를 반영한 맞춤 설계', 150000,
        FALSE, NOW(), NOW()),
       ('dd050455-d26e-423b-b54d-2e807ec90800', 'c555ca13-b258-484f-9cd0-706c4a8c02bc', '시공 관리 서비스',
        '시공 과정의 전반적인 관리 및 모니터링',
        120000, FALSE, NOW(), NOW()),
       ('97f5de3a-0b13-4ead-acf4-da5ee0dc48f0', 'c555ca13-b258-484f-9cd0-706c4a8c02bc', '사후 관리 및 유지 상담',
        '인테리어 완료 후 유지 관리 상담',
        50000, FALSE, NOW(), NOW()),
       ('e2bb2a13-2d9f-4df3-baf9-9ed33ddb5bf1', 'f7542254-ea9e-4d78-8443-ae5e8597ca00', '디자인 컨셉 개발',
        '고객의 스타일에 맞춘 디자인 컨셉 개발', 70000,
        FALSE, NOW(), NOW()),
       ('183c0313-11bf-43c2-9b93-95eac3482ade', 'f7542254-ea9e-4d78-8443-ae5e8597ca00', '자재 및 색상 샘플 제공',
        '자재 및 색상 샘플을 통한 선택 도움',
        50000, FALSE, NOW(), NOW()),
       ('5f944142-f230-4ca7-b8e1-fd8428d735cf', 'f7542254-ea9e-4d78-8443-ae5e8597ca00', '시공 계획 수립', '시공 과정 및 일정 안내',
        80000, FALSE, NOW(), NOW()),
       ('cba9706f-e49c-4ea0-a12f-ea89f5b85a5c', '448a1330-a32e-4f3c-a5d9-4036c35b3f0c', '종합 현장 분석', '공간을 직접 방문하여 심층 분석',
        100000,
        FALSE, NOW(), NOW()),
       ('96b69aca-3b32-4902-99ac-60a11bb7cb2e', '448a1330-a32e-4f3c-a5d9-4036c35b3f0c', '3D 디자인 시뮬레이션',
        '3D 모델을 통한 시각적 설계 제공',
        200000, FALSE, NOW(), NOW()),
       ('c0aced19-36c8-42ac-96f5-fbc9264aac97', '448a1330-a32e-4f3c-a5d9-4036c35b3f0c', '전문 시공팀 배정', '전문 시공팀에 의한 시공 관리',
        50000, FALSE, NOW(), NOW()),
       ('e9328882-69b3-40eb-a7db-4bb355f13b1c', '448a1330-a32e-4f3c-a5d9-4036c35b3f0c', '천장 및 조명 설계',
        '맞춤형 천장 디자인과 조명 배치 계획', 80000,
        FALSE, NOW(), NOW()),
       ('f25b0d71-5212-496b-883c-84e9caeca64a', '448a1330-a32e-4f3c-a5d9-4036c35b3f0c', '고급 벽지 및 도배 서비스',
        '고급 벽지 선택 및 전문 도배 서비스',
        100000, FALSE, NOW(), NOW()),
       ('a048ada1-035d-4d52-b8c3-c367e64847e0', '448a1330-a32e-4f3c-a5d9-4036c35b3f0c', '바닥재 선택 및 시공',
        '다양한 바닥재 옵션과 시공 관리',
        120000, FALSE, NOW(), NOW()),
       ('a77f3b3c-3d3e-4c54-8647-3915970c106f', '4019a217-da8d-4203-9a3b-b5ec91be9ebc', '문 디자인 및 설치 상담',
        '문 스타일 및 재질 추천', 45000,
        FALSE, NOW(), NOW()),
       ('b4dda5dd-bcc3-46f6-8e07-a8118eca3a3b', '4019a217-da8d-4203-9a3b-b5ec91be9ebc', '문 및 창호 설치 서비스',
        '맞춤형 문과 창호 설계 및 설치',
        70000, FALSE, NOW(), NOW()),
       ('810a733e-f4b6-4b80-adab-4e4cc58f7cd8', '4019a217-da8d-4203-9a3b-b5ec91be9ebc', '천장 디자인 상담', '천장 형태 및 조명 배치 제안',
        200000, FALSE, NOW(), NOW()),
       ('46ca79d3-d3aa-42fc-a0b2-fb13365cbcd7', '03955dd7-ca58-4e38-95ec-61a9e185a0cf', '고급 벽지 및 특수 도장',
        '맞춤형 벽지 및 특수 도장 서비스', 120000,
        FALSE, NOW(), NOW()),
       ('cbb40827-ac6c-4f46-9c81-f1c6ee8ae1dd', '03955dd7-ca58-4e38-95ec-61a9e185a0cf', '바닥재 선택 및 시공',
        '다양한 고급 바닥재(원목, 대리석 등) 옵션 제공',
        150000, FALSE, NOW(), NOW()),
       ('dfccd82a-298d-4679-a126-8e2af1cca4c9', '03955dd7-ca58-4e38-95ec-61a9e185a0cf', '문 및 창문 리모델링',
        '맞춤형 문과 창문 설계 및 시공',
        90000, FALSE, NOW(), NOW()),
       ('dfdd527d-f938-4ef8-8bd6-8f2c14e7fadf', 'bfa82799-dfe4-4576-95d6-610aa66e458a', '벽면 아트워크 상담',
        '벽면에 활용할 수 있는 아트 및 액자 제안', 30000,
        FALSE, NOW(), NOW()),
       ('5e969dcb-63bc-4fe9-b34b-f8b595e75105', 'bfa82799-dfe4-4576-95d6-610aa66e458a', '벽면 패널링 상담', '벽 패널 및 텍스처 옵션 제안',
        60000, FALSE, NOW(), NOW()),
       ('d73dc4df-49c0-4593-8fc0-905d745f0386', 'bfa82799-dfe4-4576-95d6-610aa66e458a', '도어 핸들 및 하드웨어 선택',
        '문 손잡이 및 기타 하드웨어 디자인',
        40000, FALSE, NOW(), NOW()),
       ('9111a6d7-7626-4e28-8b83-845c452f0841', '15bd3565-6d28-4c34-ac7f-dfee9e8f6d33', '식물 및 화분 선택',
        '실내 식물 및 화분 스타일링 제안', 30000,
        FALSE, NOW(), NOW()),
       ('31492f36-5fc9-4ec2-bf99-b724209f0f94', '15bd3565-6d28-4c34-ac7f-dfee9e8f6d33', '주방 및 욕실 가전 추천',
        '최신 주방 가전 및 욕실 용품 제안',
        80000, FALSE, NOW(), NOW()),
       ('5779e930-dc6a-44a2-a9a9-650e4b1dd46a', '15bd3565-6d28-4c34-ac7f-dfee9e8f6d33', '맞춤형 천장 및 조명 설계',
        '고급스러운 천장 디자인과 조명 통합',
        100000, FALSE, NOW(), NOW()),
       ('23d77741-3e5c-4a83-879d-635171cbedce', 'b7717133-b0ab-429a-ad3d-a9a27feab7a3', '창문 디자인 및 커튼 상담',
        '창문 스타일 및 커튼 선택 지원', 35000,
        FALSE, NOW(), NOW()),
       ('9523da6a-8f5a-4303-bc67-78aace6b8503', 'b7717133-b0ab-429a-ad3d-a9a27feab7a3', '가구 및 수납 솔루션 제안',
        '소파, 의자, 수납장 배치 및 선택',
        55000, FALSE, NOW(), NOW()),
       ('a898971b-2f17-427d-bfc7-9d4494d970ee', 'b7717133-b0ab-429a-ad3d-a9a27feab7a3', '러그 및 바닥재 조합',
        '바닥재와 어울리는 러그 추천',
        40000, FALSE, NOW(), NOW()),
       ('b6d1a439-f376-45b5-8fd6-0d0865ac77dc', '874bfa4f-44fa-47a6-88c6-3f8e59db1975', '맞춤형 벽지 및 패널링',
        '고급 벽지 및 패널 디자인 선택', 110000,
        FALSE, NOW(), NOW()),
       ('41cea96f-e364-4186-8eee-16ca12d1d0d6', '874bfa4f-44fa-47a6-88c6-3f8e59db1975', '주방 가구 및 가전 배치',
        '주방 가구 및 가전 배치 최적화',
        100000, FALSE, NOW(), NOW()),
       ('46b8d601-2027-4d69-bb20-dbe65cc3efd5', '874bfa4f-44fa-47a6-88c6-3f8e59db1975', '거울 및 화분 스타일링',
        '인테리어에 어울리는 거울 및 식물 제안',
        50000, FALSE, NOW(), NOW()),
       ('b773e5a0-e218-4103-a823-d7f29ab55432', '3e70220e-3b5d-4ba1-81c3-8d484dd8bc62', '천장 마감 및 조명 배치',
        '기본 천장 마감 및 조명 설계', 75000,
        FALSE, NOW(), NOW()),
       ('3ce465d0-62bf-41dd-a90b-eb5ee149a86a', '3e70220e-3b5d-4ba1-81c3-8d484dd8bc62', '벽면 장식 및 색상 선택',
        '벽면 장식 옵션 및 색상 추천',
        125000, FALSE, NOW(), NOW()),
       ('6796928c-f68d-420a-9434-a3f2bf7449b9', '3e70220e-3b5d-4ba1-81c3-8d484dd8bc62', '바닥재 보호 및 관리',
        '바닥재 보호 및 유지 관리 방법 안내',
        200000, FALSE, NOW(), NOW()),
       ('bdf3f8c3-90dd-4f3f-b888-c1b268864f1f', '01fc273f-6eb2-4cbf-91f2-bd41cb441695', '고급 바닥재 선택',
        '원목, 대리석, 타일 등 다양한 바닥재 옵션 제안', 150000,
        FALSE, NOW(), NOW()),
       ('47bb6acb-319e-435c-b27e-430740cba721', '01fc273f-6eb2-4cbf-91f2-bd41cb441695', '바닥 시공 서비스', '전문 시공팀에 의한 바닥 설치',
        200000, FALSE, NOW(), NOW()),
       ('aa5a0018-6868-4884-a4bb-0f37724ad7b3', '01fc273f-6eb2-4cbf-91f2-bd41cb441695', '시공 후 유지 관리 상담',
        '바닥재 유지 관리 및 보호 방법 안내',
        30000, FALSE, NOW(), NOW()),
       ('e644b87a-ba1d-4b8f-89cd-a031b98fc31e', '33741412-2961-4bd7-b2c3-b8a4a9d34eb0', '벽체 구조 변경 상담',
        '필요에 따른 벽체 구조 변경 및 설계', 120000,
        FALSE, NOW(), NOW()),
       ('edaee6d2-4ac2-4bbb-ad87-e75f3faa3ffc', '33741412-2961-4bd7-b2c3-b8a4a9d34eb0', '고급 벽지 및 페인트 시공',
        '고급 벽지 선택 및 전문 시공 서비스',
        150000, FALSE, NOW(), NOW()),
       ('e8da7d2a-2a2a-439f-b324-115c8e1c479b', '33741412-2961-4bd7-b2c3-b8a4a9d34eb0', '벽면 아트워크 설치',
        '맞춤형 아트워크 및 장식 설치 서비스',
        50000, FALSE, NOW(), NOW()),
       ('9274c382-afef-4463-9919-698bf7cba3d2', 'cddf856f-c5f6-4fe1-a196-82098e2271a7', '주방 가구 및 기기 설계',
        '맞춤형 주방 가구 및 기기 배치 계획', 100000,
        FALSE, NOW(), NOW()),
       ('ac034ad6-bffb-4769-ad8f-50c24016b7b9', 'cddf856f-c5f6-4fe1-a196-82098e2271a7', '주방 타일 및 바닥 시공',
        '타일 및 바닥재 선택과 설치 서비스',
        180000, FALSE, NOW(), NOW()),
       ('1e6846e0-2be2-47c2-91a0-a63287aa49ee', 'cddf856f-c5f6-4fe1-a196-82098e2271a7', '조명 및 전기 배선 설치',
        '주방 조명 및 전기 배선 시공',
        120000, FALSE, NOW(), NOW()),
       ('b99aa1a9-ee81-46e2-9fb9-ebede4fadcb5', '39718eb1-fff2-4104-b966-3c7b4750f9a6', '고급 바닥재 선택 상담',
        '다양한 원목, 대리석, 타일 옵션 제안', 160000,
        FALSE, NOW(), NOW()),
       ('99d3435d-83fb-49cc-a263-09c30cc67943', '39718eb1-fff2-4104-b966-3c7b4750f9a6', '전문 시공 서비스 제공',
        '숙련된 팀에 의한 바닥 시공',
        220000, FALSE, NOW(), NOW()),
       ('c95d258c-5c4f-4f0f-b78b-17ae02dccf8c', '39718eb1-fff2-4104-b966-3c7b4750f9a6', '조명 및 전기 배선 작업',
        '주방 조명 설계 및 전기 배선 시공',
        25000, FALSE, NOW(), NOW()),
       ('462cafcc-a891-4253-905f-68c98b2b7fc6', 'c08f8dba-4e9c-4530-b67e-b05861206c15', '벽체 구조 변경 및 설계',
        '필요에 따라 벽체 설계 및 변경 상담', 130000,
        FALSE, NOW(), NOW()),
       ('7bf51ffe-f2cd-4a77-bc22-98ea8cc20398', 'c08f8dba-4e9c-4530-b67e-b05861206c15', '고급 벽지 및 페인트 작업',
        '선택한 벽지와 페인트 시공 서비스',
        160000, FALSE, NOW(), NOW()),
       ('2e847eb3-3b44-4709-9552-9cc8b8adb53d', 'c08f8dba-4e9c-4530-b67e-b05861206c15', '아트워크 및 장식 설치',
        '고객 맞춤형 아트워크 설치 서비스',
        55000, FALSE, NOW(), NOW()),
       ('f1b57ad5-3056-460d-92c4-882451a06446', '720f96dc-9e31-4d1c-9034-08e3c869e8f6', '욕실 설계 및 상담',
        '욕실 레이아웃 및 디자인 상담', 100000,
        FALSE, NOW(), NOW()),
       ('ec3c4307-2eae-428e-aacb-9801cc6b9ece', '720f96dc-9e31-4d1c-9034-08e3c869e8f6', '욕실 가구 및 기기 설치',
        '세면대, 변기, 욕조 등 설치 서비스',
        180000, FALSE, NOW(), NOW()),
       ('8a9808b7-bf6c-4556-9a47-48b69f25806a', '720f96dc-9e31-4d1c-9034-08e3c869e8f6', '욕실 타일 및 벽면 시공',
        '고급 타일 및 벽면 마감 작업',
        150000, FALSE, NOW(), NOW()),
       ('1740b162-00c6-4629-8985-48414502b1fc', '71b3e58a-94da-44a1-b3d5-7036c4e08c35', '조명 디자인 상담',
        '공간에 맞는 조명 스타일 및 배치 제안', 50000,
        FALSE, NOW(), NOW()),
       ('f29843bd-52c6-410f-8eaa-787a2753b6eb', '71b3e58a-94da-44a1-b3d5-7036c4e08c35', '전문 조명 설치 서비스',
        '조명 기구 설치 및 전기 배선 작업',
        120000, FALSE, NOW(), NOW()),
       ('ab1867f0-3062-4a99-8bb1-d326605c3ff9', '71b3e58a-94da-44a1-b3d5-7036c4e08c35', '조명 유지 관리 및 상담',
        '조명 관리 및 효율적인 사용 방법 안내',
        20000, FALSE, NOW(), NOW()),
       ('825810a3-312d-4714-9a16-6a000648a7bf', '11f482fa-ba91-4f04-a6ba-d8528ff1ecea', '실내 식물 상담',
        '공간에 적합한 식물 선택 및 배치 제안', 40000,
        FALSE, NOW(), NOW()),
       ('6f32a677-92c2-4151-aa59-f866e3bba42a', '11f482fa-ba91-4f04-a6ba-d8528ff1ecea', '화분 및 데코 아이템 추천',
        '인테리어에 어울리는 화분 및 소품 제안',
        70000, FALSE, NOW(), NOW()),
       ('d65c4e55-9314-48bd-bd9c-ac0e99b3a135', '11f482fa-ba91-4f04-a6ba-d8528ff1ecea', '식물 관리 및 유지 방법 안내',
        '실내 식물 관리 팁 및 유지 방법',
        20000, FALSE, NOW(), NOW()),
       ('a3568ddc-0139-44eb-91e9-c4ccb987c67c', '040a58d5-677a-417f-91f1-60849fd5a4f3', '수납 솔루션 상담',
        '공간에 맞춘 수납 계획 및 디자인 제안', 50000,
        FALSE, NOW(), NOW()),
       ('1dbe680c-52b0-49f0-b131-ab3c32a7f130', '040a58d5-677a-417f-91f1-60849fd5a4f3', '맞춤형 수납 가구 제작',
        '필요에 따른 수납 가구 설계 및 제작',
        150000, FALSE, NOW(), NOW()),
       ('5b3b136c-6a52-4454-8a49-4de78b526059', '040a58d5-677a-417f-91f1-60849fd5a4f3', '정리 및 배치 서비스',
        '수납 공간 정리 및 효율적인 배치 서비스',
        30000, FALSE, NOW(), NOW()),
       ('e8dc39b8-719c-4973-891b-c5e92e6ed9e7', '20913e36-be07-445e-8e51-8941aeb6ba85', '창문 디자인 상담',
        '다양한 창문 스타일 및 재질 선택', 60000,
        FALSE, NOW(), NOW()),
       ('90ff9d7d-2115-4d6c-a4be-7037082b028e', '20913e36-be07-445e-8e51-8941aeb6ba85', '커튼 및 블라인드 설치 서비스',
        '맞춤형 커튼 및 블라인드 설치',
        120000, FALSE, NOW(), NOW()),
       ('a6fde373-3443-4d9f-88b9-05dab975089e', '20913e36-be07-445e-8e51-8941aeb6ba85', '창문 유지 관리 및 팁 제공',
        '창문 관리 및 청소 방법 안내',
        20000, FALSE, NOW(), NOW()),
       ('2b1d543d-7e2e-40a4-b28a-6c388c972924', '85bf0f24-38ba-4057-a720-2246d6e4f993', '스마트 기기 선택 상담',
        '고객의 필요에 맞는 스마트 기기 추천', 50000,
        FALSE, NOW(), NOW()),
       ('750fd021-1a87-4b01-b802-0b9b7a4815a5', '85bf0f24-38ba-4057-a720-2246d6e4f993', '설치 및 설정 서비스',
        '스마트 기기 설치 및 초기 설정 지원',
        150000, FALSE, NOW(), NOW()),
       ('3e093685-1835-45c6-8b7e-5096085525d0', '85bf0f24-38ba-4057-a720-2246d6e4f993', '스마트 기기 설치 및 초기 설정 지원',
        '스마트 기기 사용법 및 관리 방법 제공',
        25000, FALSE, NOW(), NOW()),
       ('469b7cd3-8704-48ef-bc25-dabdcdd5d225', 'cb051bea-9d65-4b17-b9c8-586884cbf311', '발코니 및 테라스 디자인 상담',
        '외부 공간 활용을 위한 디자인 제안', 60000,
        FALSE, NOW(), NOW()),
       ('6f94b50c-f0f9-4c3a-8151-5a6945464e1a', 'cb051bea-9d65-4b17-b9c8-586884cbf311', '조경 및 바닥재 설치 서비스',
        '발코니 및 테라스에 적합한 조경 및 바닥재 시공',
        150000, FALSE, NOW(), NOW()),
       ('2daa70f8-3853-46a7-90cc-03f5143dd503', 'cb051bea-9d65-4b17-b9c8-586884cbf311', '유지 관리 및 팁 제공',
        '외부 공간 관리 및 유지 방법 안내',
        20000, FALSE, NOW(), NOW()),
       ('3bb203f3-2fac-4f84-ae25-75797d8399f3', '63dd9b9a-0d1d-45a6-90be-2323d917d517', '공간 활용 컨설팅',
        '비효율적인 공간 개선을 위한 상담', 50000,
        FALSE, NOW(), NOW()),
       ('1cf2c250-55a0-44b9-a1c1-f7965c3d45bf', '63dd9b9a-0d1d-45a6-90be-2323d917d517', '맞춤형 수납 솔루션 제안',
        '필요에 맞춘 수납 솔루션 설계',
        100000, FALSE, NOW(), NOW()),
       ('304d3ae4-50c4-4f52-b2f7-561cfb7161e0', '63dd9b9a-0d1d-45a6-90be-2323d917d517', '정리 및 배치 서비스',
        '정리 정돈 및 효율적인 공간 배치 지원',
        30000, FALSE, NOW(), NOW());



INSERT INTO QUOTATIONREQUEST (ID, MEMBERID, PORTFOLIOID, TITLE, DESCRIPTION, PROGRESS, CREATEDAT, UPDATEDAT)
VALUES ('cb1d87df-3b5b-42b2-8031-3da210699463', 'f6b73d77-5fb8-462e-85f7-f6ed0425d2ba',
        '136780e7-9ead-46fc-8526-32fa58fe5846', '모델링(평 당) 1.5만원 견적, 시공 협의 가능 외 1건',
        E'25평 단독주택 인테리어 시공, 설계 문의드립니다.\r\n모던한 디자인을 희망하며, 레퍼런스로 삼으려고 하는 집 사진이 있습니다.', 'APPROVED', NOW(), NOW()),
       ('5d80e9af-1dd6-4cea-97ae-6b1b84f8cd5e', 'cf6e8329-59a2-458b-b1ee-693d70d128fd',
        '136780e7-9ead-46fc-8526-32fa58fe5846', '시공 범위, 면적 등 협의 가능 외 1건',
        '안녕하세요, 인테리어 견적을 요청드립니다. 저희 집 거실 리모델링을 계획하고 있습니다. 자세한 상담 부탁드립니다.', 'APPROVED', NOW(), NOW()),
       ('d8e01027-b7a3-43c1-a750-901e52688058', '5677b0b6-7b63-42c8-936c-a6d07c4793eb',
        '136780e7-9ead-46fc-8526-32fa58fe5846', '모델링(평 당) 1.5만원 견적, 시공 협의 가능',
        '안녕하세요. 주방 인테리어를 새롭게 하고 싶어 연락드립니다. 견적서를 받아볼 수 있을까요?',
        'APPROVED', NOW(), NOW()),
       ('8fa4b087-41a3-49aa-bb21-5a4018a73eaf', 'c1b6ca53-0437-4eeb-959e-ec3ec97139d3',
        '136780e7-9ead-46fc-8526-32fa58fe5846', '모델링(평 당) 1.5만원 견적, 시공 협의 가능',
        '저희 집 전체적인 인테리어를 고려중입니다. 견적을 요청드리니, 상담 가능하신 시간을 알려주세요.',
        'APPROVED', NOW(), NOW()),
       ('2fbf0f42-1f34-49b7-a860-414fc1ac7468', '8ccf8a1a-3e8d-48a1-a508-d2b99ec4e631',
        '136780e7-9ead-46fc-8526-32fa58fe5846', '모델링(평 당) 1.5만원 견적, 시공 협의 가능',
        '안녕하세요. 방 한 개를 리모델링하고 싶은데, 견적을 받고 싶습니다. 구체적인 사항은 상담 시 말씀드리겠습니다.', 'APPROVED', NOW(), NOW()),
       ('971b9a7f-18f0-4ad6-b2f3-d03d1356a342', '323e4567-e89b-12d3-a456-426614174002',
        '136780e7-9ead-46fc-8526-32fa58fe5846', '모델링(평 당) 1.5만원 견적, 시공 협의 가능',
        '사무실 인테리어를 새롭게 하고 싶습니다. 견적을 요청하니, 빠른 회신 부탁드립니다.',
        'APPROVED',
        NOW(), NOW()),
       ('e4337023-91dc-4fa8-9619-8db3f659bcce', '423e4567-e89b-12d3-a456-426614174003',
        '136780e7-9ead-46fc-8526-32fa58fe5846', '솔루션 외 1건', '안녕하세요! 욕실 리모델링을 고려 중입니다. 견적을 받아보고 싶으니, 상담 가능하신 시간을 알려주세요.',
        'APPROVED', NOW(), NOW()),
       ('4d4bccba-eae1-4843-8913-98853cef9cac', '523e4567-e89b-12d3-a456-426614174004',
        '136780e7-9ead-46fc-8526-32fa58fe5846', '솔루션 외 1건', '저희 집 외부 인테리어에 대한 견적을 받고 싶습니다. 연락 주시면 감사하겠습니다.', 'APPROVED',
        NOW(), NOW()),
       ('1ed9e2f2-7082-4083-bbeb-b7de478381c9', '623e4567-e89b-12d3-a456-426614174005',
        '136780e7-9ead-46fc-8526-32fa58fe5846', '솔루션 외 1건', '안녕하세요. 아파트 인테리어를 새롭게 하고 싶어 문의드립니다. 견적서와 상담 부탁드립니다.',
        'APPROVED', NOW(), NOW()),
       ('7d329040-12b7-4a15-8559-13e01634417e', '723e4567-e89b-12d3-a456-426614174006',
        '136780e7-9ead-46fc-8526-32fa58fe5846', '솔루션 외 1건', '안녕하십니까? 새로운 공간 디자인을 위해 견적을 요청하고 싶습니다.', 'APPROVED', NOW(),
        NOW()),
       ('31cf5679-9b84-4e7c-b090-6acf9fd28c75', '823e4567-e89b-12d3-a456-426614174007',
        '136780e7-9ead-46fc-8526-32fa58fe5846', '솔루션 외 1건', '안녕하세요. 집 리모델링을 고려하고 있어 문의 드립니다. 견적 부탁드립니다.',
        'USER_CANCELLED', NOW(), NOW()),
       ('a683e251-a572-40f8-bccb-ed38c340102f', '923e4567-e89b-12d3-a456-426614174008',
        '136780e7-9ead-46fc-8526-32fa58fe5846', '솔루션 외 1건',
        '안녕하세요! 저희 집에 홈 오피스를 만들고 싶습니다. 공간 활용과 가구 배치에 대한 견적을 요청드립니다.',
        'USER_CANCELLED', NOW(), NOW()),
       ('902df2c4-18a5-47c5-9de8-58574df7a12d', 'a23e4567-e89b-12d3-a456-426614174009',
        '136780e7-9ead-46fc-8526-32fa58fe5846', '솔루션 외 1건',
        '안녕하십니까? 상업 공간 인테리어를 고려하고 있습니다. 매장 디자인과 가구 배치에 대한 견적을 부탁드립니다.', 'USER_CANCELLED', NOW(), NOW()),
       ('603ddbfb-84d9-48cf-9fb5-e893222f4463', '1649b691-c1a5-4ea2-846e-5363b4439590',
        '136780e7-9ead-46fc-8526-32fa58fe5846', '솔루션 외 1건', '안녕하세요. 저희 집의 거실과 주방을 통합하고 싶은데, 이에 대한 전체 견적을 요청드립니다.',
        'USER_CANCELLED', NOW(), NOW()),
       ('d45e137f-645c-4dbf-9b8f-4445d4bc56b4', 'ef217fc2-edda-4ced-b380-c5f57922a707',
        '136780e7-9ead-46fc-8526-32fa58fe5846', '솔루션 외 1건',
        '안녕하세요! 외부 인테리어를 새롭게 하고 싶습니다. 발코니와 외벽 페인트 작업에 대한 견적을 부탁드립니다.', 'USER_CANCELLED', NOW(), NOW()),
       ('1b9db09a-2288-4b80-9a37-d354b0f993a2', 'bf66adf1-b87d-4f25-b3ed-ebf79d0fe71e',
        '136780e7-9ead-46fc-8526-32fa58fe5846', '솔루션 외 1건', '안녕하세요. 욕실 리모델링을 계획 중입니다. 샤워실과 세면대 교체를 포함한 견적을 요청드립니다.',
        'SELLER_CANCELLED', NOW(), NOW()),
       ('b5679713-9d2d-4c5c-acce-e65771a3cab8', 'ac885ed3-50e5-4b6c-afed-e6e638c93068',
        '136780e7-9ead-46fc-8526-32fa58fe5846', '솔루션 외 1건',
        '안녕하십니까? 사무실 인테리어를 새롭게 하고자 합니다. 책상 배치 및 조명 설치에 대한 견적을 부탁드립니다.', 'SELLER_CANCELLED', NOW(), NOW()),
       ('9afa11ee-029f-455e-9abc-c9fb666b8f31', 'fb38fa25-0709-4c14-aafb-f753aacdf71e',
        '136780e7-9ead-46fc-8526-32fa58fe5846', '솔루션 외 1건', '안녕하세요! 아이 방을 아기자기하게 꾸미고 싶은데, 벽지와 가구 배치에 대한 견적을 받고 싶습니다.',
        'SELLER_CANCELLED', NOW(), NOW()),
       ('df143a15-1011-4386-b0b0-e47ba2676f41', 'e00b7fdf-d1de-4cd5-864d-7215bf84a6e2',
        '136780e7-9ead-46fc-8526-32fa58fe5846', '솔루션 외 1건',
        '안녕하세요. 저희 아파트 전체 인테리어를 고려 중입니다. 방 3개와 거실, 주방에 대한 견적을 요청드립니다.', 'SELLER_CANCELLED', NOW(), NOW()),
       ('f438a30d-e673-44e9-a270-46ff727c8045', '0bdca122-40cf-458f-a179-e379ab1e01d1',
        '136780e7-9ead-46fc-8526-32fa58fe5846', '솔루션 외 1건',
        '안녕하세요! 주방 인테리어를 새롭게 하고 싶습니다. 가구 배치와 타일 교체를 포함한 견적을 보내주실 수 있을까요?', 'SELLER_CANCELLED', NOW(), NOW()),
       ('ae6c9bd5-6d4b-47bd-9573-9667105d9c52', 'd35db9df-d79e-47c6-9020-968fd106e425',
        '136780e7-9ead-46fc-8526-32fa58fe5846', '솔루션 외 1건',
        '안녕하세요, 저희 집 거실 리모델링을 계획하고 있습니다. 벽지 교체와 바닥재 변경을 포함한 견적을 요청드립니다.', 'ADMIN_CANCELLED', NOW(), NOW()),
       ('cfdb4b2b-04b5-4b68-aa9f-f73b62f17a30', '089aba3a-69e3-49f6-a3ab-cad03ea5041b',
        '136780e7-9ead-46fc-8526-32fa58fe5846', '솔루션 외 1건',
        '안녕하세요, 저희 거실을 현대적인 스타일로 리모델링하고 싶습니다. 가구와 조명 변경을 포함한 견적 부탁드립니다.', 'ADMIN_CANCELLED', NOW(), NOW()),
       ('954c1fbf-8490-4420-89e0-2af8b1be37e6', '67852dcd-19ea-4c72-a143-9bccfd83dd7b',
        '136780e7-9ead-46fc-8526-32fa58fe5846', '솔루션 외 1건',
        '안녕하세요! 주방의 인테리어를 새롭게 하고 싶습니다. 싱크대 교체와 타일 작업에 대한 견적을 요청합니다.',
        'ADMIN_CANCELLED', NOW(), NOW()),
       ('21256396-dec9-4314-b36c-3e7b1e273bdf', '04fd6232-4d83-497c-a88b-72b58f0b5206',
        '136780e7-9ead-46fc-8526-32fa58fe5846', '솔루션 외 1건',
        '안녕하세요. 아파트 전체 인테리어를 리모델링하려고 합니다. 방 2개와 거실에 대한 상세 견적을 부탁드립니다.', 'ADMIN_CANCELLED', NOW(), NOW()),
       ('2d00312c-6221-4b16-910b-9b5b6b65cf95', 'ba12282d-4152-4e1c-b7e3-d66b88faa18d',
        '136780e7-9ead-46fc-8526-32fa58fe5846', '솔루션 외 1건', '안녕하세요! 아이 방을 만들고 싶은데, 벽지와 가구 배치에 대한 견적을 요청드립니다.',
        'ADMIN_CANCELLED', NOW(), NOW()),
       ('9560446c-62ad-4e44-8868-05daacff53ea', 'f453791a-8486-4c06-a1c6-62e1d8e87d9e',
        '136780e7-9ead-46fc-8526-32fa58fe5846', '솔루션 외 1건', '안녕하십니까? 사무실 리모델링을 고려하고 있습니다. 책상 배치와 조명 설치에 대한 견적이 필요합니다.',
        'APPROVED', NOW(), NOW()),
       ('e55c4b8f-8b98-43b0-a5da-f797ec918bd7', '31bbccf2-729c-4ff4-87e2-1c0ab7e1a2b2',
        '136780e7-9ead-46fc-8526-32fa58fe5846', '솔루션 외 1건', '안녕하세요. 욕실을 새롭게 꾸미고 싶습니다. 욕조 교체와 타일 작업에 대한 견적을 부탁드립니다.',
        'APPROVED', NOW(), NOW()),
       ('81651dbf-600b-4b5e-90de-c50151c4f7cb', 'b22a15c7-d14b-4d5d-bb72-cc012bf83d79',
        '136780e7-9ead-46fc-8526-32fa58fe5846', '솔루션 외 1건', '안녕하세요! 외부 인테리어를 변경하고 싶습니다. 발코니와 외벽 페인트 작업에 대한 견적을 요청합니다.',
        'APPROVED', NOW(), NOW()),
       ('75177c80-de5b-4080-a802-8bf3ebb8b924', '79aa25e9-6d3a-4068-9691-dbf7edaa8dd6',
        '136780e7-9ead-46fc-8526-32fa58fe5846', '솔루션 외 1건', '안녕하세요. 거실과 주방을 통합한 오픈형 공간으로 만들고 싶습니다. 전체 인테리어 견적을 부탁드립니다.',
        'APPROVED', NOW(), NOW()),
       ('3d23471d-6f64-4a7a-bd50-28d5df8f9b5f', 'af1c0d89-16f1-4547-b10e-7f82f99d2bfb',
        '136780e7-9ead-46fc-8526-32fa58fe5846', '솔루션 외 1건',
        '안녕하십니까? 상업 공간 인테리어를 새롭게 하고자 합니다. 매장 디자인과 가구 배치에 대한 견적을 부탁드립니다.', 'APPROVED', NOW(), NOW()),
       ('b81db62d-5d11-4740-937c-5c3fd66743db', '2327a526-f7d6-4408-a4fb-169860129157',
        '136780e7-9ead-46fc-8526-32fa58fe5846', '모델링(평 당) 1.5만원 견적, 시공 협의 가능 외 1건',
        '안녕하세요! 홈 오피스를 만들고 싶습니다. 공간 활용과 가구 배치에 대한 견적을 요청드립니다.',
        'PENDING', NOW(), NOW()),
       ('0fcb69e6-c273-4e5b-ab9c-48d2677dcdb4', '1c923af2-7595-4076-9884-419ac76f4c8e',
        '136780e7-9ead-46fc-8526-32fa58fe5846', '인테리어 설계	모델링(평 당) 1.5만원 견적, 시공 협의 가능 외 1건',
        '안녕하세요, 저희 집 거실을 아늑한 공간으로 만들고 싶습니다. 벽지 교체와 소파 배치에 대한 견적을 부탁드립니다.', 'PENDING', NOW(), NOW()),
       ('4899cc75-1cf9-4e9e-9560-27a19ed0f6b1', '91bf7e7d-f113-40c1-bbdd-36add0958b09',
        '136780e7-9ead-46fc-8526-32fa58fe5846', '모델링(평 당) 1.5만원 견적, 시공 협의 가능 외 1건',
        '안녕하세요! 주방의 수납 공간을 늘리고 싶습니다. 가구 및 조명 변경에 대한 견적을 요청합니다.',
        'PENDING', NOW(), NOW()),
       ('3df96f13-42aa-499d-9b7a-024021e0d626', 'cf120c5b-2597-4be1-9995-267e55ee6fff',
        '136780e7-9ead-46fc-8526-32fa58fe5846', '모델링(평 당) 1.5만원 견적, 시공 협의 가능',
        '안녕하세요. 방 2개를 리모델링하고 싶습니다. 바닥재와 벽지에 대한 견적을 부탁드립니다.',
        'PENDING', NOW(), NOW()),
       ('544d304c-b791-450f-9ae9-aefb942e5b1d', '401b6f86-bc37-4c72-9aab-5db66f1a5836',
        '136780e7-9ead-46fc-8526-32fa58fe5846', '모델링(평 당) 1.5만원 견적, 시공 협의 가능',
        '안녕하세요! 아이 방을 놀이 공간으로 꾸미고 싶습니다. 디자인과 가구 배치에 대한 견적을 요청드립니다.',
        'PENDING', NOW(), NOW()),
       ('93899e66-8e48-4301-b30b-911beb4fe605', 'b79b1be3-61d0-49fa-b645-53aa1cc7cf16',
        '136780e7-9ead-46fc-8526-32fa58fe5846', '모델링(평 당) 1.5만원 견적, 시공 협의 가능',
        '안녕하십니까? 사무실의 분위기를 바꾸고 싶습니다. 인테리어 디자인과 가구 배치에 대한 견적이 필요합니다.',
        'PENDING', NOW(), NOW()),
       ('981d0ae3-e08c-4595-899a-dd1e2f5f06a9', 'b432ab9e-bac1-4dab-a8dd-12970f2027ec',
        '136780e7-9ead-46fc-8526-32fa58fe5846', '솔루션 외 1건',
        '안녕하세요. 욕실을 현대적인 스타일로 리모델링하고 싶습니다. 샤워부스와 세면대 교체에 대한 견적을 부탁드립니다.', 'PENDING', NOW(), NOW()),
       ('3d47f056-cc27-4d8e-acb7-ab7e48b6246a', '9bad952d-49f3-42bb-ae9e-7159cba8fbbc',
        '136780e7-9ead-46fc-8526-32fa58fe5846', '솔루션 외 1건', '안녕하세요! 외부 테라스를 새롭게 꾸미고 싶습니다. 바닥재와 조경에 대한 견적을 요청합니다.',
        'PENDING', NOW(), NOW()),
       ('be1d452b-8a02-49cf-ad41-8381a8e9c159', 'c2656eac-5b8e-4b9d-8a17-92e22874763f',
        '136780e7-9ead-46fc-8526-32fa58fe5846', '솔루션 외 1건', '안녕하세요. 거실과 주방을 통합해서 넓은 공간으로 만들고 싶습니다. 전체 인테리어 견적을 부탁드립니다.',
        'PENDING', NOW(), NOW()),
       ('dd1fdf8b-d2df-4032-ac54-2765df245134', 'b2804623-97ce-45e9-9a7f-193065ed6db2',
        '136780e7-9ead-46fc-8526-32fa58fe5846', '솔루션 외 1건',
        '안녕하십니까? 카페 인테리어를 새롭게 하고자 합니다. 내부 디자인과 가구 배치에 대한 견적을 부탁드립니다.', 'PENDING', NOW(), NOW()),
       ('64fbb04c-c264-44d3-8e0c-f28747cf8737', '067dcb77-80da-46c0-ac28-fed038afda30',
        '136780e7-9ead-46fc-8526-32fa58fe5846', '솔루션 외 1건',
        '안녕하세요! 홈 오피스를 효율적으로 만들고 싶습니다. 공간 활용과 가구 배치에 대한 견적을 요청드립니다.',
        'PENDING', NOW(), NOW()),
       ('1d762a2f-8e38-44b3-8fc8-c5bc01685984', '66b5ce85-1e54-4617-b173-1db6452a1c29',
        '136780e7-9ead-46fc-8526-32fa58fe5846', '솔루션 외 1건',
        '안녕하세요, 저희 집 거실을 모던한 느낌으로 리모델링하고 싶습니다. 벽체와 바닥재 변경에 대한 견적을 부탁드립니다.', 'PENDING', NOW(), NOW()),
       ('4eb1d1fc-3543-4b26-afb3-c076d3a1c538', '95c01318-cdd2-4201-a728-6239ec4e1f3a',
        '136780e7-9ead-46fc-8526-32fa58fe5846', '솔루션 외 1건', '안녕하세요! 주방 인테리어를 새롭게 하고 싶습니다. 조리대와 캐비닛 교체에 대한 견적을 요청합니다.',
        'PENDING', NOW(), NOW()),
       ('39a144f4-5a5e-4b89-8de8-cc7585a11a19', 'a70e1a8b-2f3b-4143-a7e4-f06c5e124ba2',
        '136780e7-9ead-46fc-8526-32fa58fe5846', '솔루션 외 1건',
        '안녕하세요. 방 1개를 아늑한 독서 공간으로 꾸미고 싶습니다. 인테리어 디자인과 가구 배치에 대한 견적을 부탁드립니다.', 'PENDING', NOW(), NOW()),
       ('cb576824-b291-4c44-9821-bf09c18fd0f0', '1d88edfd-3b3c-43a4-8c5b-aff3dfa35e3e',
        '136780e7-9ead-46fc-8526-32fa58fe5846', '솔루션 외 1건', '안녕하세요! 아이 방을 밝고 재미있게 꾸미고 싶습니다. 벽지와 가구 디자인에 대한 견적을 요청드립니다.',
        'PENDING', NOW(), NOW()),
       ('6d2ce233-f08d-40c4-ab89-60c623da2ae6', '2fc32a57-7134-41a4-bfd7-3035aa8ce685',
        'f7ee9484-9c7e-4868-8d5c-0e344727e220', '솔루션 외 1건',
        '안녕하십니까? 사무실 공간을 효율적으로 재배치하고 싶습니다. 공간 활용과 가구에 대한 견적이 필요합니다.',
        'PENDING', NOW(), NOW()),
       ('40dbaa40-6958-4261-a866-abc1823ac3c1', 'ead485be-165f-4e29-9b7a-d70b30b47c9e',
        'f7ee9484-9c7e-4868-8d5c-0e344727e220', '솔루션 외 1건', '안녕하세요. 욕실 리모델링을 고려하고 있습니다. 타일 교체와 세면대 설치에 대한 견적을 부탁드립니다.',
        'PENDING', NOW(), NOW()),
       ('c6445fd9-4ab2-46db-a10b-3102970811fe', '4e9d7414-c288-4824-b7b7-aea76bae8a83',
        '8f2656be-2ba6-48f0-852c-0ce7901c7694', '솔루션 외 1건', '안녕하세요! 외부 데크를 설치하고 싶습니다. 재료와 시공에 대한 견적을 요청합니다.', 'PENDING',
        NOW(), NOW()),
       ('8e9bf87b-1f8a-49ad-818c-6260fb231b9a', '6fc6e492-dc3c-4018-b601-dc3a0b279380',
        '8f2656be-2ba6-48f0-852c-0ce7901c7694', '솔루션 외 1건', '안녕하세요. 거실과 주방을 오픈형으로 변경하고 싶습니다. 전체 인테리어 견적을 부탁드립니다.',
        'PENDING', NOW(), NOW()),
       ('8f3fe5d9-64fb-4d2a-8736-841b93ac3230', '235f21e4-e5b9-4c43-9134-66aa391d5511',
        '32a53d61-d796-4dd5-85e5-de5ae790e3d0', '솔루션 외 1건', '안녕하십니까? 카페의 인테리어를 새롭게 하고자 합니다. 내부 배치와 디자인에 대한 견적을 부탁드립니다.',
        'PENDING', NOW(), NOW()),
       ('33783716-24a7-4ef0-b3a1-195310587542', 'f6b73d77-5fb8-462e-85f7-f6ed0425d2ba',
        'f7ee9484-9c7e-4868-8d5c-0e344727e220', '원하는 스타일에 대한 심층 논의',
        '안녕하세요! 홈 오피스를 만들고 싶습니다. 책상과 수납공간 설계에 대한 견적을 요청드립니다.',
        'APPROVED', NOW(), NOW()),
       ('7abbc492-86c2-4d60-a50d-45a8eae4f3cb', 'f6b73d77-5fb8-462e-85f7-f6ed0425d2ba',
        '8f2656be-2ba6-48f0-852c-0ce7901c7694', '프로젝트 진행 일정 및 단계 설명',
        '안녕하세요, 저희 집 안방을 리모델링하고 싶습니다. 침대 배치와 벽지 교체에 대한 견적을 부탁드립니다.',
        'APPROVED', NOW(), NOW()),
       ('c657c528-166f-4957-8fcf-01bcfebc4055', 'f6b73d77-5fb8-462e-85f7-f6ed0425d2ba',
        '32a53d61-d796-4dd5-85e5-de5ae790e3d0', '초기 디자인 아이디어 제안',
        '안녕하세요! 주방의 효율성을 높이고 싶습니다. 수납장과 조리대 디자인에 대한 견적을 요청합니다.',
        'APPROVED', NOW(), NOW()),
       ('a82c9f6a-5e77-4a67-848a-e1f10a94fd3f', 'f6b73d77-5fb8-462e-85f7-f6ed0425d2ba',
        'a84a9e98-3eb0-4542-9bd0-94b54de5276f', '솔루션 외 1건', '안녕하세요. 거실을 더 넓고 환하게 꾸미고 싶습니다. 조명과 가구 배치에 대한 견적을 부탁드립니다.',
        'APPROVED', NOW(), NOW()),
       ('b7ca7576-1cd7-48e7-af28-c305594f2545', 'f6b73d77-5fb8-462e-85f7-f6ed0425d2ba',
        'ddf6aa59-f105-4a47-801c-2ec2166c25a2', '솔루션 외 1건', '안녕하세요! 아이 방을 놀이 공간으로 만들고 싶습니다. 벽지와 가구 배치에 대한 견적을 요청드립니다.',
        'APPROVED', NOW(), NOW()),
       ('48471f4f-943a-49d9-8cb4-f2da0d1f6ed9', 'f6b73d77-5fb8-462e-85f7-f6ed0425d2ba',
        '588df554-dfa5-40bf-bcb3-89da95baf4aa', '솔루션 외 1건',
        '안녕하십니까? 사무실 인테리어를 새롭게 하고 싶습니다. 회의실과 개인 공간 설계에 대한 견적이 필요합니다.', 'APPROVED', NOW(), NOW()),
       ('864ff5f7-26fa-45e1-9f6e-1b5b605b48d4', 'f6b73d77-5fb8-462e-85f7-f6ed0425d2ba',
        'c555ca13-b258-484f-9cd0-706c4a8c02bc', '솔루션 외 1건', '안녕하세요. 욕실에 현대적인 요소를 추가하고 싶습니다. 세면대와 타일 변경에 대한 견적을 부탁드립니다.',
        'APPROVED', NOW(), NOW()),
       ('08c1fa05-168e-4f25-9bd4-b0b25813de6b', 'f6b73d77-5fb8-462e-85f7-f6ed0425d2ba',
        'f7542254-ea9e-4d78-8443-ae5e8597ca00', '솔루션 외 1건', '안녕하세요! 외부 정원을 꾸미고 싶습니다. 조경과 데크 설치에 대한 견적을 요청합니다.',
        'APPROVED', NOW(), NOW()),
       ('c352cef6-086c-4e57-9b15-b3081733e44c', 'f6b73d77-5fb8-462e-85f7-f6ed0425d2ba',
        '448a1330-a32e-4f3c-a5d9-4036c35b3f0c', '솔루션 외 1건', '안녕하세요. 거실과 주방을 연결하는 아치형 구조를 만들고 싶습니다. 전체 인테리어 견적을 부탁드립니다.',
        'APPROVED', NOW(), NOW()),
       ('c2901999-b9de-4bbf-b0b6-4918a9e0f193', 'f6b73d77-5fb8-462e-85f7-f6ed0425d2ba',
        '4019a217-da8d-4203-9a3b-b5ec91be9ebc', '문 디자인 및 설치 상담',
        '안녕하십니까? 카페의 분위기를 바꾸고자 합니다. 인테리어 디자인과 가구 배치에 대한 견적을 부탁드립니다.',
        'APPROVED', NOW(), NOW()),
       ('3f338d56-dacf-4368-930a-8b7660f5496d', 'b2804623-97ce-45e9-9a7f-193065ed6db2',
        '4019a217-da8d-4203-9a3b-b5ec91be9ebc', '솔루션 외 1건',
        '방 한 개를 새롭게 꾸미고 싶습니다. 자세한 내용은 상담 시에 말씀드리겠습니다. 견적을 보내주시면 감사하겠습니다.',
        'APPROVED', NOW(), NOW()),
       ('b92015d0-3f67-42f6-9a79-b84dfec00521', 'f6b73d77-5fb8-462e-85f7-f6ed0425d2ba',
        'a84a9e98-3eb0-4542-9bd0-94b54de5276f', '에코 디자인_고객의 라이프스타일에 맞춘 혁신적인 인테리어_자재 추천 상담 외 1건',
        '사무실 공간을 재구성하고 싶습니다. 이에 대한 견적을 요청드리니, 빠른 답변 부탁드립니다.',
        'PENDING', NOW(), NOW()),
       ('ac365146-5364-4b0a-bec4-85c25ee91429', 'f6b73d77-5fb8-462e-85f7-f6ed0425d2ba',
        '8f2656be-2ba6-48f0-852c-0ce7901c7694', '에코 디자인_뉴욕 현직 인테리어 전문가의 디자인 컨설팅을 받아보세요._현장 방문 상담 외 2건',
        '안녕하세요, 저희 집 복도를 새롭게 꾸미고 싶습니다. 벽지와 조명 설치에 대한 견적을 부탁드립니다.',
        'PENDING', NOW(), NOW()),
       ('810b71c6-27f2-4ea7-9b5c-e53a00c87d8d', 'f6b73d77-5fb8-462e-85f7-f6ed0425d2ba',
        '136780e7-9ead-46fc-8526-32fa58fe5846', '에코 디자인_평범한 공간을 감각적인 공간으로_맞춤 인테리어 설계',
        '방 한 개를 새롭게 꾸미고 싶습니다. 자세한 내용은 상담 시에 말씀드리겠습니다. 견적을 보내주시면 감사하겠습니다.',
        'PENDING', NOW(), NOW()),
       ('527a9739-ae7c-4856-8b92-051f4ae10d41', 'f6b73d77-5fb8-462e-85f7-f6ed0425d2ba',
        '588df554-dfa5-40bf-bcb3-89da95baf4aa', '아트리움_건물 리모델링과 신축 디자인을 전문적으로 설계합니다._공간 활용 분석 외 1건',
        '저희 집의 거실과 주방을 포함한 전체적인 인테리어를 고려하고 있습니다. 견적을 요청드리니, 상담 가능한 시간을 알려주시면 감사하겠습니다.',
        'PENDING', NOW(), NOW()),
       ('3f7f2953-d29d-4b02-805f-df3ef6805dc1', 'f6b73d77-5fb8-462e-85f7-f6ed0425d2ba',
        'a84a9e98-3eb0-4542-9bd0-94b54de5276f', '에코 디자인_고객의 라이프스타일에 맞춘 혁신적인 인테리어_스타일 분석 상담 외 1건',
        '방 두 개를 인테리어 리모델링하고자 합니다. 구체적인 요구 사항은 상담 시에 말씀드리겠습니다. 견적을 부탁드립니다',
        'PENDING', NOW(), NOW()),
       ('6e0ef425-84e5-4423-9f3f-a57a81b1dda8', 'f6b73d77-5fb8-462e-85f7-f6ed0425d2ba',
        '32a53d61-d796-4dd5-85e5-de5ae790e3d0', '에코 디자인_가구와 소품으로 완성하는 고급스러운 공간_공간 분석 외 1건',
        '안녕하세요. 저희 사무실의 공간을 새롭게 리모델링하고 싶습니다. 견적을 요청드리니, 빠른 회신 부탁드립니다.',
        'PENDING', NOW(), NOW());


INSERT INTO REQUESTSOLUTION (ID, QUOTATIONREQUESTID, SOLUTIONID, CREATEDAT, UPDATEDAT)
VALUES ('cd5dc428-b771-4e12-935b-f2afb0058c63', 'cb1d87df-3b5b-42b2-8031-3da210699463',
        '8871d6a2-f6b8-4dbd-b4f5-8b45dadf7abc', NOW(), NOW()),
       ('eb4d921d-1ed0-4032-a820-40bf227af74f', 'cb1d87df-3b5b-42b2-8031-3da210699463',
        'fce78e5f-94a1-48da-a727-1346734bffbf', NOW(), NOW()),
       ('ccddf298-e40f-40ac-96ae-02ea2aeebdd4', 'cb1d87df-3b5b-42b2-8031-3da210699463',
        '53e924ed-1526-428f-9237-bb538f1da9a4', NOW(), NOW()),
       ('eb5bfe3c-ff0f-45a8-8f2b-3ab95ae90d80', '5d80e9af-1dd6-4cea-97ae-6b1b84f8cd5e',
        'fce78e5f-94a1-48da-a727-1346734bffbf', NOW(), NOW()),
       ('c5f4484a-346a-4fa7-93cb-153379a316a8', '5d80e9af-1dd6-4cea-97ae-6b1b84f8cd5e',
        '9faf6fb5-7f8c-4ea9-919a-69eb7a4cbef1', NOW(), NOW()),
       ('a941256a-e152-4072-9112-0d25dd3e3daf', 'd8e01027-b7a3-43c1-a750-901e52688058',
        '8871d6a2-f6b8-4dbd-b4f5-8b45dadf7abc', NOW(), NOW()),
       ('1c7629a9-b532-42d6-8fc2-dc0404aa8132', '8fa4b087-41a3-49aa-bb21-5a4018a73eaf',
        '8871d6a2-f6b8-4dbd-b4f5-8b45dadf7abc', NOW(), NOW()),
       ('50e0216a-254b-4136-be03-c5ad7edf6d01', '2fbf0f42-1f34-49b7-a860-414fc1ac7468',
        '8871d6a2-f6b8-4dbd-b4f5-8b45dadf7abc', NOW(), NOW()),
       ('0e2f8f61-c76d-41bc-97ae-bf45d8437f92', '971b9a7f-18f0-4ad6-b2f3-d03d1356a342',
        '8871d6a2-f6b8-4dbd-b4f5-8b45dadf7abc', NOW(), NOW()),
       ('f00edcde-9487-4b68-9fae-3667118a0170', '971b9a7f-18f0-4ad6-b2f3-d03d1356a342',
        '8871d6a2-f6b8-4dbd-b4f5-8b45dadf7abc', NOW(), NOW()),
       ('60cba1ff-b192-489d-87a9-5170e2cb373b', 'e4337023-91dc-4fa8-9619-8db3f659bcce',
        '8871d6a2-f6b8-4dbd-b4f5-8b45dadf7abc', NOW(), NOW()),
       ('02ec5201-5583-4f5d-b866-f6c3263a15d7', '4d4bccba-eae1-4843-8913-98853cef9cac',
        '8871d6a2-f6b8-4dbd-b4f5-8b45dadf7abc', NOW(), NOW()),
       ('05be34d0-e42d-4019-a0cf-fa9e8c486101', '1ed9e2f2-7082-4083-bbeb-b7de478381c9',
        '8871d6a2-f6b8-4dbd-b4f5-8b45dadf7abc', NOW(), NOW()),
       ('8d2e156f-4e92-4f33-a23f-cf1f3c01dee5', '7d329040-12b7-4a15-8559-13e01634417e',
        '8871d6a2-f6b8-4dbd-b4f5-8b45dadf7abc', NOW(), NOW()),
       ('2eb55be6-2567-41e5-9f96-48069998c355', '31cf5679-9b84-4e7c-b090-6acf9fd28c75',
        '8871d6a2-f6b8-4dbd-b4f5-8b45dadf7abc', NOW(), NOW()),
       ('c480c687-db87-43fd-b24f-85070162205c', 'a683e251-a572-40f8-bccb-ed38c340102f',
        '8871d6a2-f6b8-4dbd-b4f5-8b45dadf7abc', NOW(), NOW()),
       ('aa638ecf-a5c7-44c4-8121-240a07fbe233', '902df2c4-18a5-47c5-9de8-58574df7a12d',
        '8871d6a2-f6b8-4dbd-b4f5-8b45dadf7abc', NOW(), NOW()),
       ('fb2a3cc3-bc38-4f05-a042-8ac64514417f', '603ddbfb-84d9-48cf-9fb5-e893222f4463',
        '8871d6a2-f6b8-4dbd-b4f5-8b45dadf7abc', NOW(), NOW()),
       ('9018da6e-5ba4-41d2-91d9-0be6c9139e4a', 'd45e137f-645c-4dbf-9b8f-4445d4bc56b4',
        '8871d6a2-f6b8-4dbd-b4f5-8b45dadf7abc', NOW(), NOW()),
       ('00289c2a-cd33-4e4c-8979-9c5598f2751c', '1b9db09a-2288-4b80-9a37-d354b0f993a2',
        '8871d6a2-f6b8-4dbd-b4f5-8b45dadf7abc', NOW(), NOW()),
       ('c75e9b92-4f6b-437c-9940-6ef31b87cd2d', 'b5679713-9d2d-4c5c-acce-e65771a3cab8',
        '8871d6a2-f6b8-4dbd-b4f5-8b45dadf7abc', NOW(), NOW()),
       ('39565425-56e9-4e6a-b257-af16e4a3f177', '9afa11ee-029f-455e-9abc-c9fb666b8f31',
        '8871d6a2-f6b8-4dbd-b4f5-8b45dadf7abc', NOW(), NOW()),
       ('24ce2d06-4d6d-46c5-9c06-173f9ecef7a9', 'df143a15-1011-4386-b0b0-e47ba2676f41',
        '8871d6a2-f6b8-4dbd-b4f5-8b45dadf7abc', NOW(), NOW()),
       ('08c4aace-831c-41e5-8575-dcb4a8079104', 'f438a30d-e673-44e9-a270-46ff727c8045',
        '8871d6a2-f6b8-4dbd-b4f5-8b45dadf7abc', NOW(), NOW()),
       ('f52de234-0702-4936-a3d1-f91906c8d26e', 'ae6c9bd5-6d4b-47bd-9573-9667105d9c52',
        '8871d6a2-f6b8-4dbd-b4f5-8b45dadf7abc', NOW(), NOW()),
       ('5707ec9d-6f77-4750-b063-22b1d4a2bb65', 'cfdb4b2b-04b5-4b68-aa9f-f73b62f17a30',
        '8871d6a2-f6b8-4dbd-b4f5-8b45dadf7abc', NOW(), NOW()),
       ('ea2778e0-2fc0-496a-83f9-36ba613da2ef', '954c1fbf-8490-4420-89e0-2af8b1be37e6',
        '8871d6a2-f6b8-4dbd-b4f5-8b45dadf7abc', NOW(), NOW()),
       ('b61eefae-12bc-48b6-95c8-5b3df0045085', '21256396-dec9-4314-b36c-3e7b1e273bdf',
        '8871d6a2-f6b8-4dbd-b4f5-8b45dadf7abc', NOW(), NOW()),
       ('a72caa83-ea88-4f28-acd2-6b5a1272894a', '2d00312c-6221-4b16-910b-9b5b6b65cf95',
        '8871d6a2-f6b8-4dbd-b4f5-8b45dadf7abc', NOW(), NOW()),
       ('8ec1ed4d-e4df-4788-90fc-2f9fa793565f', '9560446c-62ad-4e44-8868-05daacff53ea',
        '8871d6a2-f6b8-4dbd-b4f5-8b45dadf7abc', NOW(), NOW()),
       ('8c540919-6556-4f42-8d1d-1cb19d9d43b5', 'e55c4b8f-8b98-43b0-a5da-f797ec918bd7',
        '8871d6a2-f6b8-4dbd-b4f5-8b45dadf7abc', NOW(), NOW()),
       ('ab949fac-88d7-44ec-8354-1a12320d25eb', '81651dbf-600b-4b5e-90de-c50151c4f7cb',
        '8871d6a2-f6b8-4dbd-b4f5-8b45dadf7abc', NOW(), NOW()),
       ('ee9b9b0d-4443-4c53-b5e1-4ed66dfa5f31', '75177c80-de5b-4080-a802-8bf3ebb8b924',
        '8871d6a2-f6b8-4dbd-b4f5-8b45dadf7abc', NOW(), NOW()),
       ('49d5e94e-23d9-4b50-9e3c-2545d565d713', '3d23471d-6f64-4a7a-bd50-28d5df8f9b5f',
        '8871d6a2-f6b8-4dbd-b4f5-8b45dadf7abc', NOW(), NOW()),
       ('9a3646ae-41b3-4f3e-bc68-e3845caeca14', 'b81db62d-5d11-4740-937c-5c3fd66743db',
        '8871d6a2-f6b8-4dbd-b4f5-8b45dadf7abc', NOW(), NOW()),
       ('91632937-44d7-4114-80ae-bf1a80b80238', 'b81db62d-5d11-4740-937c-5c3fd66743db',
        'fce78e5f-94a1-48da-a727-1346734bffbf', NOW(), NOW()),
       ('ceb2f607-4a75-4396-9ba6-2138c266b9de', '0fcb69e6-c273-4e5b-ab9c-48d2677dcdb4',
        '8871d6a2-f6b8-4dbd-b4f5-8b45dadf7abc', NOW(), NOW()),
       ('1d689b2a-b413-4f33-b706-3e3a522920a1', '0fcb69e6-c273-4e5b-ab9c-48d2677dcdb4',
        '9faf6fb5-7f8c-4ea9-919a-69eb7a4cbef1', NOW(), NOW()),
       ('a3c7a18e-bb9c-4963-a2b8-945e75b0f051', '4899cc75-1cf9-4e9e-9560-27a19ed0f6b1',
        '8871d6a2-f6b8-4dbd-b4f5-8b45dadf7abc', NOW(), NOW()),
       ('e586dcc9-dfaf-4749-81c3-ceea6b3b2de7', '3df96f13-42aa-499d-9b7a-024021e0d626',
        '8871d6a2-f6b8-4dbd-b4f5-8b45dadf7abc', NOW(), NOW()),
       ('a5441119-c6c0-4a48-8f6b-0f5f5eee5ee9', '544d304c-b791-450f-9ae9-aefb942e5b1d',
        '8871d6a2-f6b8-4dbd-b4f5-8b45dadf7abc', NOW(), NOW()),
       ('aa398eb0-e049-43d0-b22e-945e642be22b', '93899e66-8e48-4301-b30b-911beb4fe605',
        '8871d6a2-f6b8-4dbd-b4f5-8b45dadf7abc', NOW(), NOW()),
       ('92a3c215-ec94-4996-b971-18cbb6d8e20f', '981d0ae3-e08c-4595-899a-dd1e2f5f06a9',
        '8871d6a2-f6b8-4dbd-b4f5-8b45dadf7abc', NOW(), NOW()),
       ('ecfbc8b6-8165-46a2-915b-f34d753b509c', '3d47f056-cc27-4d8e-acb7-ab7e48b6246a',
        '8871d6a2-f6b8-4dbd-b4f5-8b45dadf7abc', NOW(), NOW()),
       ('f6c22fe1-19b3-434a-a276-7f7f4db29ab3', 'be1d452b-8a02-49cf-ad41-8381a8e9c159',
        '8871d6a2-f6b8-4dbd-b4f5-8b45dadf7abc', NOW(), NOW()),
       ('64d8dcdf-9a26-43a6-9f44-a36ef560bbb3', 'dd1fdf8b-d2df-4032-ac54-2765df245134',
        '8871d6a2-f6b8-4dbd-b4f5-8b45dadf7abc', NOW(), NOW()),
       ('79d1d68a-7811-4188-81fd-4be989496a0f', '64fbb04c-c264-44d3-8e0c-f28747cf8737',
        '8871d6a2-f6b8-4dbd-b4f5-8b45dadf7abc', NOW(), NOW()),
       ('b75d1230-cba6-4058-bad7-16e89e081628', '1d762a2f-8e38-44b3-8fc8-c5bc01685984',
        '8871d6a2-f6b8-4dbd-b4f5-8b45dadf7abc', NOW(), NOW()),
       ('0d1a4204-8a64-4199-857a-807df6e4da44', '4eb1d1fc-3543-4b26-afb3-c076d3a1c538',
        '8871d6a2-f6b8-4dbd-b4f5-8b45dadf7abc', NOW(), NOW()),
       ('9eede264-763b-4e37-8427-89ededbaa3a2', '39a144f4-5a5e-4b89-8de8-cc7585a11a19',
        '8871d6a2-f6b8-4dbd-b4f5-8b45dadf7abc', NOW(), NOW()),
       ('2dbfb1df-d19f-43e8-9a20-a5f3baf3653d', 'cb576824-b291-4c44-9821-bf09c18fd0f0',
        '8871d6a2-f6b8-4dbd-b4f5-8b45dadf7abc', NOW(), NOW()),
       ('fe5b88c6-0778-4119-a6ef-ca1302638d47', '6d2ce233-f08d-40c4-ab89-60c623da2ae6',
        '7089762e-6b87-45f9-826b-48b50dd080f3', NOW(), NOW()),
       ('5cbd8e9a-1997-4bd5-8f78-c5ab04d9bb5b', '40dbaa40-6958-4261-a866-abc1823ac3c1',
        '7089762e-6b87-45f9-826b-48b50dd080f3', NOW(), NOW()),
       ('2608d9d0-b5e7-4827-9a1a-5c046b87e3a6', 'c6445fd9-4ab2-46db-a10b-3102970811fe',
        '07d828af-cd90-46f2-add7-cc1d51773d1c', NOW(), NOW()),
       ('e6c892c3-58e0-49dc-9fae-21986bb4121e', '8e9bf87b-1f8a-49ad-818c-6260fb231b9a',
        '07d828af-cd90-46f2-add7-cc1d51773d1c', NOW(), NOW()),
       ('dd86e4b8-005a-4835-a141-1964a373718f', '8f3fe5d9-64fb-4d2a-8736-841b93ac3230',
        '8de7926d-977f-417d-9a14-08d7eba6b8c0', NOW(), NOW()),
       ('8c9d802f-ae56-4573-ac93-72f3d21c8a41', '33783716-24a7-4ef0-b3a1-195310587542',
        '7089762e-6b87-45f9-826b-48b50dd080f3', NOW(), NOW()),
       ('c96abf69-6242-4a17-b8bc-bf7ba452a939', '7abbc492-86c2-4d60-a50d-45a8eae4f3cb',
        '07d828af-cd90-46f2-add7-cc1d51773d1c', NOW(), NOW()),
       ('198f67e1-410e-4466-83cf-d7ea2a3cfac4', 'c657c528-166f-4957-8fcf-01bcfebc4055',
        '8de7926d-977f-417d-9a14-08d7eba6b8c0', NOW(), NOW()),
       ('1a7b6ef9-ac3c-49df-a227-c2fb38dfc19a', 'a82c9f6a-5e77-4a67-848a-e1f10a94fd3f',
        'e6e30bdc-312a-4fad-adee-928a79153312', NOW(), NOW()),
       ('4460baf7-7a06-4290-8082-625d88abdb64', 'b7ca7576-1cd7-48e7-af28-c305594f2545',
        '61b3792a-d401-406d-8bf0-11e9c4bf4a1d', NOW(), NOW()),
       ('1385c80f-59d3-4841-911b-9f278e51b94f', '48471f4f-943a-49d9-8cb4-f2da0d1f6ed9',
        'e1244c8a-f35b-4393-ba79-fdcd11200163', NOW(), NOW()),
       ('f13ebcfd-795a-4aea-adba-3d262587d1b2', '864ff5f7-26fa-45e1-9f6e-1b5b605b48d4',
        '97f5de3a-0b13-4ead-acf4-da5ee0dc48f0', NOW(), NOW()),
       ('e7e7b50d-3bc6-480b-9616-87b453bd0df4', '08c1fa05-168e-4f25-9bd4-b0b25813de6b',
        '183c0313-11bf-43c2-9b93-95eac3482ade', NOW(), NOW()),
       ('ff43da2a-f108-43f2-b26f-1051417c136e', 'c352cef6-086c-4e57-9b15-b3081733e44c',
        'f25b0d71-5212-496b-883c-84e9caeca64a', NOW(), NOW()),
       ('a1a62658-d79e-473f-8964-385f41ab9211', 'c2901999-b9de-4bbf-b0b6-4918a9e0f193',
        'a77f3b3c-3d3e-4c54-8647-3915970c106f', NOW(), NOW()),
       ('ee0c79b2-d0e9-4b38-9ade-8e81d80d41e6', '3f338d56-dacf-4368-930a-8b7660f5496d',
        'a77f3b3c-3d3e-4c54-8647-3915970c106f', NOW(), NOW()),
       ('b1e6108b-af57-462c-b145-5d9b547724ab', '3f338d56-dacf-4368-930a-8b7660f5496d',
        'b4dda5dd-bcc3-46f6-8e07-a8118eca3a3b', NOW(), NOW()),
       ('0bd3378a-05e6-49aa-bcda-3f68e2d2f28c', 'b92015d0-3f67-42f6-9a79-b84dfec00521',
        '72192709-1d91-44c0-8f1c-22d992526605', NOW(), NOW()),
       ('e369d5fc-4248-4fec-8d51-6235e836494c', 'b92015d0-3f67-42f6-9a79-b84dfec00521',
        '21a82b81-c7ad-4065-b293-f5bf6bd20d87', NOW(), NOW()),
       ('10e05012-f2cb-4121-b9fc-56738906d1c1', 'ac365146-5364-4b0a-bec4-85c25ee91429',
        'ea68b922-6299-4a8e-8ced-fceaee702a4d', NOW(), NOW()),
       ('2625301e-58ed-4e52-bfcf-cb9d45f5b33c', 'ac365146-5364-4b0a-bec4-85c25ee91429',
        '427d97dc-f92c-4d79-9d93-a6b916c81201', NOW(), NOW()),
       ('d93628ba-7873-4bb2-824a-83c5d9a6f706', 'ac365146-5364-4b0a-bec4-85c25ee91429',
        '07d828af-cd90-46f2-add7-cc1d51773d1c', NOW(), NOW()),
       ('ff365805-06ef-4fb1-af49-bed0e0d285e1', '810b71c6-27f2-4ea7-9b5c-e53a00c87d8d',
        '9faf6fb5-7f8c-4ea9-919a-69eb7a4cbef1', NOW(), NOW()),
       ('2013c4d3-5b0d-471b-90b8-135a89880481', '527a9739-ae7c-4856-8b92-051f4ae10d41',
        '6249742f-1c56-4dbb-b896-2fbbc32be1b9', NOW(), NOW()),
       ('6e1e7bbc-5d4f-4e1b-a9ee-16254519e0ef', '527a9739-ae7c-4856-8b92-051f4ae10d41',
        'e1244c8a-f35b-4393-ba79-fdcd11200163', NOW(), NOW()),
       ('e214ce48-2062-42a5-8cdd-f7ca2082f642', '3f7f2953-d29d-4b02-805f-df3ef6805dc1',
        'e6e30bdc-312a-4fad-adee-928a79153312', NOW(), NOW()),
       ('9db7bfd4-b599-42b8-be4a-8e2bd7ab9ba6', '3f7f2953-d29d-4b02-805f-df3ef6805dc1',
        '21a82b81-c7ad-4065-b293-f5bf6bd20d87', NOW(), NOW()),
       ('ba527511-2935-405e-ab2e-6fed21abab0d', '6e0ef425-84e5-4423-9f3f-a57a81b1dda8',
        'a4952577-dd61-49a6-84a1-711e7286a533', NOW(), NOW()),
       ('0167a2d8-3d6d-4808-9f2c-08b09bd3f45e', '6e0ef425-84e5-4423-9f3f-a57a81b1dda8',
        '8de7926d-977f-417d-9a14-08d7eba6b8c0', NOW(), NOW());


INSERT INTO QUOTATION (ID, QUOTATIONREQUESTID, TOTALTRANSACTIONAMOUNT, PROGRESS, CREATEDAT, UPDATEDAT)
VALUES ('f26e4985-d7e6-46c9-8447-b730457a426f', 'cb1d87df-3b5b-42b2-8031-3da210699463', 280000, 'APPROVED', NOW(),
        NOW()),
       ('05659dde-23f8-4ce3-bc8f-bff00309ce15', 'cb1d87df-3b5b-42b2-8031-3da210699463', 250000, 'USER_CANCELLED', NOW(),
        NOW()),
       ('b8da5f4e-e390-4be9-b7f3-71ee45cc4db1', 'cb1d87df-3b5b-42b2-8031-3da210699463', 250000, 'USER_CANCELLED', NOW(),
        NOW()),
       ('ec9fa87a-c31d-4dbd-8a8f-d9bfd112ad16', 'cb1d87df-3b5b-42b2-8031-3da210699463', 300000, 'SELLER_CANCELLED',
        NOW(),
        NOW()),
       ('e5e8d4ff-1944-4dd8-abfa-5af26aec3894', '5d80e9af-1dd6-4cea-97ae-6b1b84f8cd5e', 500000, 'APPROVED', NOW(),
        NOW()),
       ('42dbbfae-ad63-42bc-822e-5a5b3ba17324', 'd8e01027-b7a3-43c1-a750-901e52688058', 1000000, 'APPROVED', NOW(),
        NOW()),
       ('acd9b947-7db0-4c34-9f01-479a8fc76363', '8fa4b087-41a3-49aa-bb21-5a4018a73eaf', 400000, 'APPROVED', NOW(),
        NOW()),
       ('4abcb9f7-11f8-4689-b0d3-a5e8811a7f92', '2fbf0f42-1f34-49b7-a860-414fc1ac7468', 250000, 'APPROVED', NOW(),
        NOW()),
       ('d0c01e09-922e-47f6-ab4b-a15856512440', '971b9a7f-18f0-4ad6-b2f3-d03d1356a342', 400000, 'APPROVED', NOW(),
        NOW()),
       ('e14f2540-bd5f-42dc-a745-adbfd912dec6', 'e4337023-91dc-4fa8-9619-8db3f659bcce', 400000, 'APPROVED', NOW(),
        NOW()),
       ('66257620-37d8-4fec-86fc-6a7e71b7abb7', '4d4bccba-eae1-4843-8913-98853cef9cac', 400000, 'APPROVED', NOW(),
        NOW()),
       ('b2b50947-7617-4850-b2bd-2922fb82223f', '1ed9e2f2-7082-4083-bbeb-b7de478381c9', 400000, 'APPROVED', NOW(),
        NOW()),
       ('b139952c-06fc-456e-8a6e-8818c8862233', '7d329040-12b7-4a15-8559-13e01634417e', 400000, 'APPROVED', NOW(),
        NOW()),
       ('ed82c2b3-e701-4a23-b12e-205ac933f29e', '31cf5679-9b84-4e7c-b090-6acf9fd28c75', 400000, 'USER_CANCELLED', NOW(),
        NOW()),
       ('46955ec8-d9ba-456f-ba58-8fd57c79e5e2', 'a683e251-a572-40f8-bccb-ed38c340102f', 400000, 'USER_CANCELLED', NOW(),
        NOW()),
       ('7a5aeee7-87af-4b2f-9dce-5b580440d4af', '902df2c4-18a5-47c5-9de8-58574df7a12d', 400000, 'USER_CANCELLED', NOW(),
        NOW()),
       ('f97c957f-c642-48e2-bab2-3e553153fcfa', '603ddbfb-84d9-48cf-9fb5-e893222f4463', 400000, 'USER_CANCELLED', NOW(),
        NOW()),
       ('39445574-c53b-4052-94e3-ab6311538abd', '1b9db09a-2288-4b80-9a37-d354b0f993a2', 400000, 'SELLER_CANCELLED',
        NOW(),
        NOW()),
       ('3a9d7242-0c57-4891-963c-53e6d11e8bbd', '9afa11ee-029f-455e-9abc-c9fb666b8f31', 400000, 'SELLER_CANCELLED',
        NOW(),
        NOW()),
       ('a7f3e429-97a6-4251-8705-eafba7a92a7c', 'ae6c9bd5-6d4b-47bd-9573-9667105d9c52', 400000, 'ADMIN_CANCELLED',
        NOW(),
        NOW()),
       ('7d570d1e-84dc-4311-8402-c381a12478a9', 'cfdb4b2b-04b5-4b68-aa9f-f73b62f17a30', 400000, 'ADMIN_CANCELLED',
        NOW(),
        NOW()),
       ('f112e136-29de-462f-b837-d3f20cc96f10', '9560446c-62ad-4e44-8868-05daacff53ea', 400000, 'APPROVED', NOW(),
        NOW()),
       ('a8df9bec-fc19-4622-9216-cc60c62e4230', 'e55c4b8f-8b98-43b0-a5da-f797ec918bd7', 400000, 'APPROVED', NOW(),
        NOW()),
       ('fc94c9f5-03f7-4980-98f1-0af3dfab1842', '81651dbf-600b-4b5e-90de-c50151c4f7cb', 400000, 'APPROVED', NOW(),
        NOW()),
       ('309d6baa-f1b3-49a8-85a5-7af46363ff7d', '75177c80-de5b-4080-a802-8bf3ebb8b924', 400000, 'APPROVED', NOW(),
        NOW()),
       ('b61b7047-911d-4797-9996-20ab63ec99e0', '3d23471d-6f64-4a7a-bd50-28d5df8f9b5f', 400000, 'APPROVED', NOW(),
        NOW()),
       ('b6b7ac4f-eeb4-41a6-8ee2-10347d3974f1', 'b81db62d-5d11-4740-937c-5c3fd66743db', 580000, 'PENDING', NOW(),
        NOW()),
       ('f84b209b-d1ea-44f4-9034-c06560450cd6', 'b81db62d-5d11-4740-937c-5c3fd66743db', 580000, 'USER_CANCELLED', NOW(),
        NOW()),
       ('547ef198-3697-4c3b-a8fd-333383c3b952', 'b81db62d-5d11-4740-937c-5c3fd66743db', 580000, 'USER_CANCELLED', NOW(),
        NOW()),
       ('539907e9-05cf-425e-8765-433fae6571c6', 'b81db62d-5d11-4740-937c-5c3fd66743db', 620000, 'SELLER_CANCELLED',
        NOW(),
        NOW()),
       ('27401a16-41cd-4fc3-be0a-9b9f95efae74', 'b81db62d-5d11-4740-937c-5c3fd66743db', 600000, 'SELLER_CANCELLED',
        NOW(),
        NOW()),
       ('c5a60f5d-5dac-4865-baeb-93c19b09fb39', '0fcb69e6-c273-4e5b-ab9c-48d2677dcdb4', 580000, 'PENDING', NOW(),
        NOW()),
       ('d3c2903b-29fd-4875-8ee8-2d40e3e0eb93', '0fcb69e6-c273-4e5b-ab9c-48d2677dcdb4', 580000, 'USER_CANCELLED', NOW(),
        NOW()),
       ('3a30ce24-b13a-4030-ae58-803d50cb9668', '0fcb69e6-c273-4e5b-ab9c-48d2677dcdb4', 620000, 'SELLER_CANCELLED',
        NOW(),
        NOW()),
       ('35ee203d-e1fb-48bb-9194-525138e303ff', '4899cc75-1cf9-4e9e-9560-27a19ed0f6b1', 580000, 'PENDING', NOW(),
        NOW()),
       ('266e1734-9afc-4e6f-966c-7d2670f1047e', '4899cc75-1cf9-4e9e-9560-27a19ed0f6b1', 580000, 'USER_CANCELLED', NOW(),
        NOW()),
       ('b515462b-4084-4c36-b4cd-b6c2b40cadee', '4899cc75-1cf9-4e9e-9560-27a19ed0f6b1', 620000, 'SELLER_CANCELLED',
        NOW(),
        NOW()),
       ('eccbc7a2-acd5-48ab-8bce-c43dd770e142', '3df96f13-42aa-499d-9b7a-024021e0d626', 580000, 'PENDING', NOW(),
        NOW()),
       ('bc3f00b4-be32-4b07-b394-b29a951a16c1', '3df96f13-42aa-499d-9b7a-024021e0d626', 580000, 'USER_CANCELLED', NOW(),
        NOW()),
       ('a4acca6f-ec95-44d2-96f9-959c913316b8', '3df96f13-42aa-499d-9b7a-024021e0d626', 620000, 'SELLER_CANCELLED',
        NOW(),
        NOW()),
       ('5c5cd874-d278-4f97-bb51-d1224290a974', '544d304c-b791-450f-9ae9-aefb942e5b1d', 580000, 'PENDING', NOW(),
        NOW()),
       ('f5877ed8-2d5c-43d5-b327-30cc354f1c01', '544d304c-b791-450f-9ae9-aefb942e5b1d', 580000, 'USER_CANCELLED', NOW(),
        NOW()),
       ('47f038c2-c9c0-41b6-b417-865abbe713e1', '544d304c-b791-450f-9ae9-aefb942e5b1d', 620000, 'SELLER_CANCELLED',
        NOW(),
        NOW()),
       ('595e2048-4627-454c-87b4-48132b69964b', '93899e66-8e48-4301-b30b-911beb4fe605', 580000, 'USER_CANCELLED', NOW(),
        NOW()),
       ('239fccc3-35e7-4140-95ab-e683d9a8ad28', '93899e66-8e48-4301-b30b-911beb4fe605', 620000, 'SELLER_CANCELLED',
        NOW(),
        NOW()),
       ('1a550b75-7d63-40cb-a38a-d6bb01ba506e', '981d0ae3-e08c-4595-899a-dd1e2f5f06a9', 580000, 'USER_CANCELLED', NOW(),
        NOW()),
       ('d4a5fcc8-ef0c-4001-aa37-2c36cda28629', '981d0ae3-e08c-4595-899a-dd1e2f5f06a9', 620000, 'SELLER_CANCELLED',
        NOW(),
        NOW()),
       ('a204ef5a-9cc2-4e56-a170-64aac057fc9f', '3d47f056-cc27-4d8e-acb7-ab7e48b6246a', 580000, 'USER_CANCELLED', NOW(),
        NOW()),
       ('c2936866-30bc-4f91-a4f4-ec20a249f059', '3d47f056-cc27-4d8e-acb7-ab7e48b6246a', 620000, 'SELLER_CANCELLED',
        NOW(),
        NOW()),
       ('e39f7bca-c6da-4e77-bf57-b1949904d637', 'be1d452b-8a02-49cf-ad41-8381a8e9c159', 580000, 'USER_CANCELLED', NOW(),
        NOW()),
       ('2f8e954b-0540-4f63-b131-c7aab15c91b2', 'be1d452b-8a02-49cf-ad41-8381a8e9c159', 620000, 'SELLER_CANCELLED',
        NOW(),
        NOW()),
       ('8bdaf025-dd45-455e-96b4-d32ed534b2aa', 'dd1fdf8b-d2df-4032-ac54-2765df245134', 580000, 'USER_CANCELLED', NOW(),
        NOW()),
       ('879dd271-2f81-43bf-bb21-193cc9637d8b', 'dd1fdf8b-d2df-4032-ac54-2765df245134', 620000, 'SELLER_CANCELLED',
        NOW(),
        NOW()),
       ('95f70020-b3ca-4681-bbb7-2ab31a162805', '64fbb04c-c264-44d3-8e0c-f28747cf8737', 600000, 'PENDING', NOW(),
        NOW()),
       ('98a00c61-ac33-4bc7-b992-6f7b958221a3', '1d762a2f-8e38-44b3-8fc8-c5bc01685984', 600000, 'PENDING', NOW(),
        NOW()),
       ('928fbee5-f16b-4153-954f-1cf4d003f6b8', '4eb1d1fc-3543-4b26-afb3-c076d3a1c538', 600000, 'PENDING', NOW(),
        NOW()),
       ('ae0d497f-73f2-4844-be5f-35ec754a8cce', '39a144f4-5a5e-4b89-8de8-cc7585a11a19', 600000, 'PENDING', NOW(),
        NOW()),
       ('e413952d-9919-4c58-a69d-498c3646439a', 'cb576824-b291-4c44-9821-bf09c18fd0f0', 600000, 'PENDING', NOW(),
        NOW()),
       ('9d6d2291-1436-4f70-a53f-e23ffde03b2c', '33783716-24a7-4ef0-b3a1-195310587542', 400000, 'APPROVED', NOW(),
        NOW()),
       ('7fd804be-5b2a-4ca2-8155-32adcac433b8', '7abbc492-86c2-4d60-a50d-45a8eae4f3cb', 400000, 'APPROVED', NOW(),
        NOW()),
       ('455419fe-0bb3-4fb8-9304-772db86803b7', 'c657c528-166f-4957-8fcf-01bcfebc4055', 400000, 'APPROVED', NOW(),
        NOW()),
       ('ab555d10-66e1-42af-a56c-9f75f446ef71', 'a82c9f6a-5e77-4a67-848a-e1f10a94fd3f', 400000, 'APPROVED', NOW(),
        NOW()),
       ('d7216828-bd3d-428b-bbdc-08edcf9e0a59', 'b7ca7576-1cd7-48e7-af28-c305594f2545', 400000, 'APPROVED', NOW(),
        NOW()),
       ('33c748da-0e47-4618-a9df-866d154ca34e', '48471f4f-943a-49d9-8cb4-f2da0d1f6ed9', 400000, 'APPROVED', NOW(),
        NOW()),
       ('23cff4ba-4e2c-432b-b728-422002968fbc', '864ff5f7-26fa-45e1-9f6e-1b5b605b48d4', 400000, 'APPROVED', NOW(),
        NOW()),
       ('defcb474-7558-4337-9199-7af91626d173', '08c1fa05-168e-4f25-9bd4-b0b25813de6b', 400000, 'APPROVED', NOW(),
        NOW()),
       ('0d5ef8c2-b95e-4d5f-a62f-038a55437574', 'c352cef6-086c-4e57-9b15-b3081733e44c', 400000, 'APPROVED', NOW(),
        NOW()),
       ('a052cb71-314b-4c17-be4c-8e569ad9364c', 'c2901999-b9de-4bbf-b0b6-4918a9e0f193', 400000, 'APPROVED', NOW(),
        NOW()),
       ('09595d34-dcc6-4e2f-99c3-7610ab3441ff', '3f338d56-dacf-4368-930a-8b7660f5496d', 400000, 'APPROVED', NOW(),
        NOW()),
       ('ab2c7381-56f3-4788-a5f8-6a6b0cbf85c7', '810b71c6-27f2-4ea7-9b5c-e53a00c87d8d', 400000, 'PENDING', NOW(),
        NOW()),
       ('517c9d76-5e87-4ff1-908e-5004f37b9fc1', 'ac365146-5364-4b0a-bec4-85c25ee91429', 400000, 'PENDING', NOW(),
        NOW()),
       ('ad66c307-ac00-47b2-8ac6-c51925253bc8', 'b92015d0-3f67-42f6-9a79-b84dfec00521', 170000, 'PENDING', NOW(),
        NOW());


INSERT INTO REVIEW (ID, QUOTATIONID, MEMBERID, TITLE, DESCRIPTION, RATE, CREATEDAT, UPDATEDAT)
VALUES ('46985b47-85cc-450e-a4e4-ca6b16e950fb', 'f26e4985-d7e6-46c9-8447-b730457a426f',
        'f6b73d77-5fb8-462e-85f7-f6ed0425d2ba', '만족스러운 업체', '설계부터 시공까지 모두 깔끔하고, 만족스러웠습니다', 4.5, NOW(), NOW()),
       ('64999617-e718-4d2b-a712-cd0059149fc8', 'e5e8d4ff-1944-4dd8-abfa-5af26aec3894',
        'cf6e8329-59a2-458b-b1ee-693d70d128fd', '완벽한 인테리어', '스타일링이 너무 예쁘고 실용적이에요. 다음에도 꼭 이용할 생각입니다.', 5.0, NOW(),
        NOW()),
       ('08372cdd-5a64-48d5-918a-5bc8de9d49d0', '42dbbfae-ad63-42bc-822e-5a5b3ba17324',
        '5677b0b6-7b63-42c8-936c-a6d07c4793eb', '무난합니다', '전문적인 상담 덕분에 원하는 스타일을 잘 구현해 주셨어요. 다만, 약간의 일정 지연이 있었습니다.', 4.0,
        NOW(), NOW()),
       ('03c59378-f6bc-4519-8408-235df7dbf7a5', 'acd9b947-7db0-4c34-9f01-479a8fc76363',
        'c1b6ca53-0437-4eeb-959e-ec3ec97139d3', '전체적으로 만족, 마감 아쉬움', '전체적으로 괜찮았지만, 마감 처리가 조금 아쉬웠습니다.', 3.0, NOW(),
        NOW()),
       ('b3c08db3-164e-4a5b-9abb-1f283abdb75a', '4abcb9f7-11f8-4689-b0d3-a5e8811a7f92',
        '8ccf8a1a-3e8d-48a1-a508-d2b99ec4e631', '전문적인 상담과 디자인', '어려운 요구사항에도 불구하고 훌륭하게 처리해 주셨어요. 감사합니다!', 4.0, NOW(),
        NOW()),
       ('a3aa6c6b-b0c7-452e-88eb-168246d45e8d', 'd0c01e09-922e-47f6-ab4b-a15856512440',
        '323e4567-e89b-12d3-a456-426614174002', '진심으로 추천하는 업체', '인테리어에 대한 열정이 느껴지는 업체입니다. 진심으로 추천합니다', 5.0, NOW(),
        NOW()),
       ('dd4d2926-05cd-43e0-8591-eb5c42ea9dab', 'e14f2540-bd5f-42dc-a745-adbfd912dec6',
        '423e4567-e89b-12d3-a456-426614174003', '고객 의견 반영 최고', '고객의 의견을 잘 반영해주셔서 원하는 대로 잘 나왔어요. 추천합니다', 4.5, NOW(),
        NOW()),
       ('89da2451-8b8f-4a1d-b5ef-9b1b09dfdc10', '66257620-37d8-4fec-86fc-6a7e71b7abb7',
        '523e4567-e89b-12d3-a456-426614174004', '가성비가 안좋음', '디자인은 마음에 들었지만, 예상보다 비용이 많이 나와서 아쉬웠습니다.', 2.0, NOW(),
        NOW()),
       ('2747fdaa-11a3-42d3-b862-92c3df08c81f', 'b2b50947-7617-4850-b2bd-2922fb82223f',
        '623e4567-e89b-12d3-a456-426614174005', '세심한 배려가 돋보였어요', '작업 중에도 세심하게 배려해 주셔서 편안하게 진행할 수 있었습니다.', 4.5, NOW(),
        NOW()),
       ('3b05b8cf-15bf-4776-b92b-8e7eaabb87ee', 'b139952c-06fc-456e-8a6e-8818c8862233',
        '723e4567-e89b-12d3-a456-426614174006', '매우 만족', '결과에 매우 만족하며, 다음 프로젝트도 이 업체에 맡길 생각입니다!', 5.0, NOW(), NOW()),
       ('6c92eea3-97c1-4817-99ec-96a7d3eb39a5', 'f112e136-29de-462f-b837-d3f20cc96f10',
        'f453791a-8486-4c06-a1c6-62e1d8e87d9e', '소중한 공간을 잘 살려주셨어요', '좁은 공간을 잘 활용해 주셔서 집이 넓어 보입니다', 4.0, NOW(), NOW()),
       ('8c60b281-28ff-42e2-9947-4896b1255e5b', 'a8df9bec-fc19-4622-9216-cc60c62e4230',
        '31bbccf2-729c-4ff4-87e2-1c0ab7e1a2b2', '친절한 업체', '작업 도중 추가 요청을 했는데, 기꺼이 수용해 주셔서 좋았습니다.', 4.5, NOW(), NOW()),
       ('aeff1e64-2219-49db-a673-1ca782707a6b', 'fc94c9f5-03f7-4980-98f1-0af3dfab1842',
        'b22a15c7-d14b-4d5d-bb72-cc012bf83d79', '전체적으로 만족', '예정된 날짜보다 빨리 작업이 완료되어 놀랐습니다. 품질도 훌륭해요!', 4.0, NOW(), NOW()),
       ('05819b9d-9469-486a-8fb7-879723b09be6', '309d6baa-f1b3-49a8-85a5-7af46363ff7d',
        '79aa25e9-6d3a-4068-9691-dbf7edaa8dd6', '창의적인 인테리어가 돋보입니다', '독창적인 디자인 아이디어 덕분에 특별한 공간이 되었습니다!', 5.0, NOW(),
        NOW()),
       ('613d824e-b162-4ca8-9772-13222e906811', 'b61b7047-911d-4797-9996-20ab63ec99e0',
        'af1c0d89-16f1-4547-b10e-7f82f99d2bfb', '소통이 잘 되는 업체', '작업 중 소통이 원활해 원하는 대로 진행되었습니다. 만족합니다.', 4.5, NOW(),
        NOW()),
       ('0cfbcda2-eefe-48fe-a309-152771937ecd', '9d6d2291-1436-4f70-a53f-e23ffde03b2c',
        'f6b73d77-5fb8-462e-85f7-f6ed0425d2ba', '집이 더 따뜻해졌어요', '디자인 덕분에 집이 더 따뜻하고 아늑해졌습니다. 일정이 미뤄진건 아쉬웠어요.', 3.5, NOW(),
        NOW()),
       ('60f8fa5f-ef09-4845-9636-1660e3d2ec92', '7fd804be-5b2a-4ca2-8155-32adcac433b8',
        'f6b73d77-5fb8-462e-85f7-f6ed0425d2ba', '완벽한 마감 처리', '모든 작업이 깔끔하게 마감되어서 매우 만족스럽습니다.', 5.0, NOW(), NOW()),
       ('79bdd26a-e805-44f0-a6ee-0c09e9d6be74', '455419fe-0bb3-4fb8-9304-772db86803b7',
        'f6b73d77-5fb8-462e-85f7-f6ed0425d2ba', '친환경적인 재료 사용', '친환경 재료를 사용해서 마음이 편안했습니다. 다음에도 이용할게요.', 5.0, NOW(),
        NOW()),
       ('6a0c3c8c-5a54-4705-9280-966f65e365de', 'ab555d10-66e1-42af-a56c-9f75f446ef71',
        'f6b73d77-5fb8-462e-85f7-f6ed0425d2ba', '너무 만족스러운 결과', '결과물이 너무 마음에 들어서 친구들에게도 추천할 예정입니다!', 5.0, NOW(), NOW()),
       ('919879a9-5822-4056-963b-3566a83bd88a', 'd7216828-bd3d-428b-bbdc-08edcf9e0a59',
        'f6b73d77-5fb8-462e-85f7-f6ed0425d2ba', '디자인과 기능 모두 만족', '디자인뿐만 아니라 기능성도 고려해 주셔서 정말 만족스러웠습니다.', 4.0, NOW(),
        NOW()),
       ('6bd3ec4f-7302-428f-9922-f5b333a27136', '33c748da-0e47-4618-a9df-866d154ca34e',
        'f6b73d77-5fb8-462e-85f7-f6ed0425d2ba', '일정이 제대로 안지켜졌어요', '마감일이 늦춰져서 페인트가 제대로 마르지 않은 곳이 많아 난감합니다', 2.0, NOW(),
        NOW()),
       ('b157acb5-1e4c-404d-9f93-1815e2afcfeb', '23cff4ba-4e2c-432b-b728-422002968fbc',
        'f6b73d77-5fb8-462e-85f7-f6ed0425d2ba', '세련된 디자인에 감탄', '세련된 디자인 덕분에 집이 한층 고급스러워졌어요. 정말 만족합니다', 5.0, NOW(),
        NOW()),
       ('62b9e727-5187-4b5a-941e-7e831de51d8f', 'defcb474-7558-4337-9199-7af91626d173',
        'f6b73d77-5fb8-462e-85f7-f6ed0425d2ba', '맞춤 인테리어', '내 취향에 맞춘 맞춤형 서비스가 인상적이었습니다. 감사합니다', 4.5, NOW(), NOW()),
       ('f7104761-f34b-485d-afc3-80dbe3789a6f', '0d5ef8c2-b95e-4d5f-a62f-038a55437574',
        'f6b73d77-5fb8-462e-85f7-f6ed0425d2ba', '만족', '전체적인 경험이 매우 좋았고, 다음 인테리어도 이 업체에 맡길 생각입니다', 4.5, NOW(), NOW()),
       ('9b514733-2eb7-4531-b837-0cbffde481d9', 'a052cb71-314b-4c17-be4c-8e569ad9364c',
        'f6b73d77-5fb8-462e-85f7-f6ed0425d2ba', '신속한 작업 진행', '예상보다 빠르게 작업이 완료되어 놀랐습니다. 일정에 맞춰 진행해주셔서 감사합니다!', 4.5,
        NOW(), NOW()),
       ('2d200625-9ebe-4392-9ab0-33eb7c86638f', '09595d34-dcc6-4e2f-99c3-7610ab3441ff',
        'f6b73d77-5fb8-462e-85f7-f6ed0425d2ba', '마감 엉망', '실리콘 마감 안되어있어서 물이 다 들어갈 것 같아요 비추천합니다', 1.0, NOW(), NOW());


INSERT INTO IMAGE (ID, REFID, URL, FILENAME, ORIGINALFILENAME, CREATEDAT, UPDATEDAT)
VALUES ('48782f22-0d19-4548-a605-10327389ba6b', 'c0bbf8bb-a6f2-4445-aaa3-2892e551ff4c',
        'https://intarea.s3.ap-northeast-2.amazonaws.com/upload/240909/0_a054b455-f9bb-41c0-b023-20dfbdf08b4e.png',
        '0_a054b455-f9bb-41c0-b023-20dfbdf08b4e.png', 'IntArea.png', NOW(), NOW()),
       ('cf6e8329-59a2-458b-b1ee-693d70d128fd', 'cf6e8329-59a2-458b-b1ee-693d70d128fd',
        'https://intarea.s3.ap-northeast-2.amazonaws.com/upload/240909/0_e287dc1d-536c-418a-9aaf-46d0da4591e3.jpg',
        '0_e287dc1d-536c-418a-9aaf-46d0da4591e3.jpg', 'jsb-co-mRVP1c59wko-unsplash.jpg', NOW(), NOW()),
       ('26868a96-1615-475c-bd4a-86987ba45f6d', '5677b0b6-7b63-42c8-936c-a6d07c4793eb',
        'https://intarea.s3.ap-northeast-2.amazonaws.com/upload/240909/0_ba510a6b-7c03-4e2b-a180-55642c19f905.jpg',
        '0_ba510a6b-7c03-4e2b-a180-55642c19f905.jpg', 'image.jpg', NOW(), NOW()),
       ('a9eaf094-6420-4202-8ea0-fd7ad0bca4d6', 'c1b6ca53-0437-4eeb-959e-ec3ec97139d3',
        'https://intarea.s3.ap-northeast-2.amazonaws.com/upload/240909/0_adc9c405-226f-4c7e-9fe1-d1d9ecebcd9c.jpg',
        '0_adc9c405-226f-4c7e-9fe1-d1d9ecebcd9c.jpg', 'image.jpg', NOW(), NOW()),
       ('18b6ec88-cd68-4336-bb50-72a2f123ef54', '8ccf8a1a-3e8d-48a1-a508-d2b99ec4e631',
        'https://intarea.s3.ap-northeast-2.amazonaws.com/upload/240909/0_258f3f1b-de58-4124-8891-aee9174df4d1.jpg',
        '0_258f3f1b-de58-4124-8891-aee9174df4d1.jpg', 'image.jpg', NOW(), NOW()),
       ('ad23f888-b662-4f2b-84f7-8cb40b2b37d1', '323e4567-e89b-12d3-a456-426614174002',
        'https://intarea.s3.ap-northeast-2.amazonaws.com/upload/240909/0_59b3ca9a-5188-4f37-b101-3bb3798aea84.jpg',
        '0_59b3ca9a-5188-4f37-b101-3bb3798aea84.jpg', 'image.jpg', NOW(), NOW()),
       ('c5a11b7d-f6cc-4d55-9ef9-0d9a198fda83', '423e4567-e89b-12d3-a456-426614174003',
        'https://intarea.s3.ap-northeast-2.amazonaws.com/upload/240909/0_6a72c2e1-87c5-4544-8ba6-e735c223b660.jpg',
        '0_6a72c2e1-87c5-4544-8ba6-e735c223b660.jpg', 'image.jpg', NOW(), NOW()),
       ('a81e3b67-8653-4a2d-b7f4-12892a3e0790', '523e4567-e89b-12d3-a456-426614174004',
        'https://intarea.s3.ap-northeast-2.amazonaws.com/upload/240909/0_d5134da9-18ad-49af-b528-daad9f734d67.jpg',
        '0_d5134da9-18ad-49af-b528-daad9f734d67.jpg', 'image.jpg', NOW(), NOW()),
       ('c64f7ca6-57b3-447b-a0d0-b0f0c9d6ee8f', '623e4567-e89b-12d3-a456-426614174005',
        'https://intarea.s3.ap-northeast-2.amazonaws.com/upload/240909/0_6a832c98-74c8-4dd3-ad3a-a05d49f252c4.jpg',
        '0_6a832c98-74c8-4dd3-ad3a-a05d49f252c4.jpg', 'image.jpg', NOW(), NOW()),
       ('bd9b66af-1815-4b42-98f3-cb7e9527d204', '723e4567-e89b-12d3-a456-426614174006',
        'https://intarea.s3.ap-northeast-2.amazonaws.com/upload/240909/0_1a1cf95e-8f64-4fe5-abc9-297a80fb4f8d.jpg',
        '0_1a1cf95e-8f64-4fe5-abc9-297a80fb4f8d.jpg', 'image.jpg', NOW(), NOW()),

       -- Company
       ('c9497fac-36d3-4509-9b40-acf9422d39ff', 'd7e3b2f1-4a5e-4d0d-bc18-8c79c63c7c68',
        'https://intarea.s3.ap-northeast-2.amazonaws.com/upload/240910/0_004ba67e-c4de-43b8-886b-2f0accc3b6ca.jpg',
        '0_004ba67e-c4de-43b8-886b-2f0accc3b6ca.jpg', 'image.jpg', NOW(), NOW()),
       ('1b2ec639-e08d-4fd4-90b6-0cf5972b22a2', '168017c2-79ca-4c87-9eb1-1f97204150a2',
        'https://intarea.s3.ap-northeast-2.amazonaws.com/upload/240910/0_0c5061fa-ca09-4aa7-8852-e9136e3daad4.jpg',
        '0_0c5061fa-ca09-4aa7-8852-e9136e3daad4.jpg', 'image.jpg', NOW(), NOW()),
       ('e7713d42-324f-407a-a506-624ac9e3de03', '48782f22-0d19-4548-a605-10327389ba6b',
        'https://intarea.s3.ap-northeast-2.amazonaws.com/upload/240910/0_342889d0-6b4d-4b94-85a7-7d8728059037.jpg',
        '0_342889d0-6b4d-4b94-85a7-7d8728059037.jpg', 'image.jpg', NOW(), NOW()),
       ('dc4b49c4-76ba-4809-8d11-bf626aba9f3e', 'a1c4d6b4-5e2c-4b7e-9c4d-9f5d0f5e2c11',
        'https://intarea.s3.ap-northeast-2.amazonaws.com/upload/240910/0_351c813e-13f0-494b-bcbf-be9904e242d6.jpg',
        '0_351c813e-13f0-494b-bcbf-be9904e242d6.jpg', 'image.jpg', NOW(), NOW()),
       ('fadc261e-5429-48b3-8ed8-aeaa64d075a1', 'b2f4d3e6-8b8c-4a1e-9c2c-5f6a7e1c4b12',
        'https://intarea.s3.ap-northeast-2.amazonaws.com/upload/240910/0_3c099982-f356-461f-acd9-52c6b8b39f65.jpg',
        '0_3c099982-f356-461f-acd9-52c6b8b39f65.jpg', 'image.jpg', NOW(), NOW()),
       ('2ba6092a-d9ee-4e41-99ac-091c65fba165', 'c3e5d4f7-1a9c-4d2e-8b4e-7c8d3f5b2a14',
        'https://intarea.s3.ap-northeast-2.amazonaws.com/upload/240910/0_3e91319d-d026-40a7-b207-ecdb95be9fa2.jpg',
        '0_3e91319d-d026-40a7-b207-ecdb95be9fa2.jpg', 'image.jpg', NOW(), NOW()),
       ('8b419362-3478-485e-bf36-868140ae2382', '6c276795-fe5e-4b40-b7cc-3886f63d48db',
        'https://intarea.s3.ap-northeast-2.amazonaws.com/upload/240910/0_4d67c4e9-9576-4d5a-b11e-b462cfa3c950.jpg',
        '0_4d67c4e9-9576-4d5a-b11e-b462cfa3c950.jpg', 'image.jpg', NOW(), NOW()),
       ('87d55baa-09d9-4482-b948-a4f71f9f554e', 'a94ea002-c375-41ed-b2d8-375a56d5e43e',
        'https://intarea.s3.ap-northeast-2.amazonaws.com/upload/240910/0_509e88d1-331b-412a-9c96-8db3fd8ccf92.jpg',
        '0_509e88d1-331b-412a-9c96-8db3fd8ccf92.jpg', 'image.jpg', NOW(), NOW()),
       ('beb1db26-ac8b-48dd-8a99-4b48d9bf2532', '407ccc71-329e-44ff-b7ea-93d4a6eac964',
        'https://intarea.s3.ap-northeast-2.amazonaws.com/upload/240910/0_5602c092-0b94-4507-9351-e8241e47a3a2.jpg',
        '0_5602c092-0b94-4507-9351-e8241e47a3a2.jpg', 'image.jpg', NOW(), NOW()),
       ('fd3a1b81-8038-49b8-84f2-7a7059b1b435', '73a76686-0416-41d1-a9a1-90cd24d9d545',
        'https://intarea.s3.ap-northeast-2.amazonaws.com/upload/240910/0_63f7f529-2904-4b6b-bebc-1c7bf41d33d1.jpg',
        '0_63f7f529-2904-4b6b-bebc-1c7bf41d33d1.jpg', 'image.jpg', NOW(), NOW()),
       ('c9f4e453-9290-4d22-b6f4-9b5480eab931', '467260af-f80f-4047-9275-1ea66ef0a142',
        'https://intarea.s3.ap-northeast-2.amazonaws.com/upload/240910/0_748a09f0-ec75-4ccb-b04d-e6d693339745.jpg',
        '0_748a09f0-ec75-4ccb-b04d-e6d693339745.jpg', 'image.jpg', NOW(), NOW()),
       ('867e7dbb-09ff-429a-bdb9-43cf18a33d52', '2670fc70-db30-405e-ac7b-6d2772cc0dbf',
        'https://intarea.s3.ap-northeast-2.amazonaws.com/upload/240910/0_956d2cb6-cb30-4405-b027-54cab46c7830.jpg',
        '0_956d2cb6-cb30-4405-b027-54cab46c7830.jpg', 'image.jpg', NOW(), NOW()),
       ('33a47ea3-a691-44c5-a953-780f2162cc60', 'ad508a56-6628-4505-95d9-6f60a5112cf5',
        'https://intarea.s3.ap-northeast-2.amazonaws.com/upload/240910/0_9cb6fd84-0988-4065-b81d-b09ca2ed4a0a.jpg',
        '0_9cb6fd84-0988-4065-b81d-b09ca2ed4a0a.jpg', 'image.jpg', NOW(), NOW()),
       ('4280d5df-ea6b-4a7c-9947-3f43969d1ebb', '42f740f5-3da2-481a-a7bd-86bf34038cd0',
        'https://intarea.s3.ap-northeast-2.amazonaws.com/upload/240910/0_a2b8aa92-2fc3-40bd-aca0-930f194fefec.jpg',
        '0_a2b8aa92-2fc3-40bd-aca0-930f194fefec.jpg', 'image.jpg', NOW(), NOW()),
       ('d949c23e-0298-4975-be6c-2372a09f49f3', '36dbdec1-6fce-42b7-aa8f-2a81bfe0a28a',
        'https://intarea.s3.ap-northeast-2.amazonaws.com/upload/240910/0_a5aa0201-4f92-4d5b-96dd-4d62fae5f7e8.jpg',
        '0_a5aa0201-4f92-4d5b-96dd-4d62fae5f7e8.jpg', 'image.jpg', NOW(), NOW()),
       ('63a05782-1f30-461f-bd7a-d6ae307c4e4a', 'b3e524e5-48e6-47c7-899e-d073a1b0d50a',
        'https://intarea.s3.ap-northeast-2.amazonaws.com/upload/240910/0_b9f9e054-bef9-4d31-9985-dd95af73cf35.jpg',
        '0_b9f9e054-bef9-4d31-9985-dd95af73cf35.jpg', 'image.jpg', NOW(), NOW()),
       ('cadb5d81-995c-48a6-a0de-c0d4700fd7ec', 'd8abdebe-9068-4f32-b1f1-43a7e6d3a8b2',
        'https://intarea.s3.ap-northeast-2.amazonaws.com/upload/240910/0_ba3fd8ba-8105-4c79-a5be-654a3997efd0.jpg',
        '0_ba3fd8ba-8105-4c79-a5be-654a3997efd0.jpg', 'image.jpg', NOW(), NOW()),
       ('a08abee5-a520-44e9-bb5b-e2f8a3532497', '8475dfe7-9aa8-4ca9-84ae-4ce8a7b41b21',
        'https://intarea.s3.ap-northeast-2.amazonaws.com/upload/240910/0_e8fc409c-cf34-457e-a6bb-5cbbe74ff9a3.jpg',
        '0_e8fc409c-cf34-457e-a6bb-5cbbe74ff9a3.jpg', 'image.jpg', NOW(), NOW()),
       ('cbe08c34-a95c-4f57-b611-c2b1a133ace0', '6f063094-24e8-4a84-bf43-cacbe4ba024a',
        'https://intarea.s3.ap-northeast-2.amazonaws.com/upload/240910/0_ea9b7f1f-8b9b-4cf5-86c5-f7f3cde351fc.jpg',
        '0_ea9b7f1f-8b9b-4cf5-86c5-f7f3cde351fc.jpg', 'image.jpg', NOW(), NOW()),
       ('80051873-79b2-4905-9b60-ff9f8eadd702', '66df2020-3f24-475e-b98a-9f3572fcb30e',
        'https://intarea.s3.ap-northeast-2.amazonaws.com/upload/240910/0_b3686d92-43f4-4c4b-bfa0-6cf678ca5245.jpg',
        '0_b3686d92-43f4-4c4b-bfa0-6cf678ca5245.jpg', 'image.jpg', NOW(), NOW()),
       ('88379c5f-df47-42e8-bf44-4bd84030d9ae', '5beb4d38-7a9b-4b5e-b42a-3f81bee6b93a',
        'https://intarea.s3.ap-northeast-2.amazonaws.com/upload/240922/0_b24f3722-a0e9-4a4e-a817-052160e18a86.jpg',
        '0_b3686d92-43f4-4c4b-bfa0-6cf678ca5245.jpg', 'image.jpg', NOW(), NOW()),
       ('8664f419-2f08-44c0-bfe6-7b84af098176', '97e172eb-65cd-49c0-bea5-c968da03d9e3',
        'https://intarea.s3.ap-northeast-2.amazonaws.com/upload/240922/0_691054bb-9de1-4684-b1f6-fcfa6776377a.jpg',
        '0_691054bb-9de1-4684-b1f6-fcfa6776377a.jpg', 'image.jpg', NOW(), NOW()),
       ('9d4fbbe9-5e28-4632-91fd-bf8c67daa107', '1e96d3f4-63e0-494c-a680-8f2e03e7374a',
        'https://intarea.s3.ap-northeast-2.amazonaws.com/upload/240922/0_2cb4f573-cbbf-4331-816d-2d4c44f52542.jpg',
        '0_2cb4f573-cbbf-4331-816d-2d4c44f52542.jpg', 'image.jpg', NOW(), NOW()),
       ('230d569a-d34c-467f-9c3d-e892d247d65b', '8fcf1210-554f-4853-ba4f-ec8412520b30',
        'https://intarea.s3.ap-northeast-2.amazonaws.com/upload/240922/0_9a9ad9f3-bdc4-4aed-a9e6-e15e43ba14e8.jpg',
        '0_9a9ad9f3-bdc4-4aed-a9e6-e15e43ba14e8.jpg', 'image.jpg', NOW(), NOW()),
       ('50948111-c446-4334-a1ed-2208d554ccdd', '43ea9955-0429-4413-b61a-3e2e27632134',
        'https://intarea.s3.ap-northeast-2.amazonaws.com/upload/240922/0_2fdf3622-624c-41fa-b0f5-d3ace05a1bc2.jpg',
        '0_2fdf3622-624c-41fa-b0f5-d3ace05a1bc2.jpg', 'image.jpg', NOW(), NOW()),

       -- Portfolio
       ('83033912-9620-425c-a958-b5b70281ee3b', '136780e7-9ead-46fc-8526-32fa58fe5846',
        'https://intarea.s3.ap-northeast-2.amazonaws.com/upload/240909/0_655b9a0b-694c-41f6-ae5e-a3812b219572.jpg',
        '0_655b9a0b-694c-41f6-ae5e-a3812b219572.jpg', 'image.jpg', NOW(), NOW()),
       ('9a2a6607-8af0-4037-94fb-d75496da7ed6', '136780e7-9ead-46fc-8526-32fa58fe5846',
        'https://intarea.s3.ap-northeast-2.amazonaws.com/upload/240909/1_fa0bad44-d198-44d3-8656-b81aa7426f59.jpg',
        '1_fa0bad44-d198-44d3-8656-b81aa7426f59.jpg', 'image.jpg', NOW(), NOW()),
       ('33e1ff03-ee0a-433e-b46a-f15f41244eb3', '136780e7-9ead-46fc-8526-32fa58fe5846',
        'https://intarea.s3.ap-northeast-2.amazonaws.com/upload/240909/2_deedae3d-2ba0-478c-a8b1-86093375f5be.jpg',
        '2_deedae3d-2ba0-478c-a8b1-86093375f5be.jpg', 'image.jpg', NOW(), NOW()),
       ('d405711a-7f13-4701-9a9a-f752bf27ffd6', '136780e7-9ead-46fc-8526-32fa58fe5846',
        'https://intarea.s3.ap-northeast-2.amazonaws.com/upload/240909/3_efcd012f-29c0-424e-8aee-35c694380fa8.jpg',
        '3_efcd012f-29c0-424e-8aee-35c694380fa8.jpg', 'image.jpg', NOW(), NOW()),
       ('867271cf-f8da-4fe0-a9aa-117f66a21ad8', '136780e7-9ead-46fc-8526-32fa58fe5846',
        'https://intarea.s3.ap-northeast-2.amazonaws.com/upload/240909/4_b21e8f28-b12a-4c30-9f2c-441f9df7aee8.jpg',
        '4_b21e8f28-b12a-4c30-9f2c-441f9df7aee8.jpg', 'image.jpg', NOW(), NOW()),
       ('cc61610d-3513-47c8-ad87-bd4993f112af', '136780e7-9ead-46fc-8526-32fa58fe5846',
        'https://intarea.s3.ap-northeast-2.amazonaws.com/upload/240909/5_5dd3dcb6-c09b-4de4-bfcb-55aa63dd6582.jpg',
        '5_5dd3dcb6-c09b-4de4-bfcb-55aa63dd6582.jpg', 'image.jpg', NOW(), NOW()),
       ('2b6d2d93-0938-42bb-abfb-05efb7e6ecda', '136780e7-9ead-46fc-8526-32fa58fe5846',
        'https://intarea.s3.ap-northeast-2.amazonaws.com/upload/240909/6_c73d7c1d-81ac-4f69-b63c-d04f313ed7d7.jpg',
        '6_c73d7c1d-81ac-4f69-b63c-d04f313ed7d7.jpg', 'image.jpg', NOW(), NOW()),
       ('bac0a4ff-d9c3-47a0-852c-d0ea41f24c38', '136780e7-9ead-46fc-8526-32fa58fe5846',
        'https://intarea.s3.ap-northeast-2.amazonaws.com/upload/240909/7_1890fb25-08a5-496f-a1b0-1c461bc7e79b.jpg',
        '7_1890fb25-08a5-496f-a1b0-1c461bc7e79b.jpg', 'image.jpg', NOW(), NOW()),
       ('1ef9ad59-87da-4ac5-8ad5-60f74300b2a4', '136780e7-9ead-46fc-8526-32fa58fe5846',
        'https://intarea.s3.ap-northeast-2.amazonaws.com/upload/240909/8_4ec76fc4-2cc4-4a85-ae07-af329c2c1b60.jpg',
        '8_4ec76fc4-2cc4-4a85-ae07-af329c2c1b60.jpg', 'image.jpg', NOW(), NOW()),
       ('953b6518-827f-4aa0-a8e2-797b6db91ae0', '136780e7-9ead-46fc-8526-32fa58fe5846',
        'https://intarea.s3.ap-northeast-2.amazonaws.com/upload/240909/9_d9c22f99-5c8e-4744-a870-8aad677117c4.jpg',
        '9_d9c22f99-5c8e-4744-a870-8aad677117c4.jpg', 'image.jpg', NOW(), NOW()),
       ('d30a7f40-0302-4308-8ee9-d85d5589a805', 'f7ee9484-9c7e-4868-8d5c-0e344727e220',
        'https://intarea.s3.ap-northeast-2.amazonaws.com/upload/240909/0_ef631074-bedf-467e-a6ba-438c65add9c5.jpg',
        '0_ef631074-bedf-467e-a6ba-438c65add9c5.jpg', 'image.jpg', NOW(), NOW()),
       ('6898e98b-af0a-4d96-b164-b6c5b3bed373', 'f7ee9484-9c7e-4868-8d5c-0e344727e220',
        'https://intarea.s3.ap-northeast-2.amazonaws.com/upload/240909/1_0a1eaed1-923e-43bf-a99a-5351fbc1cbae.jpg',
        '1_0a1eaed1-923e-43bf-a99a-5351fbc1cbae.jpg', 'image.jpg', NOW(), NOW()),
       ('d6135949-072e-4182-952d-e650d81f2676', 'f7ee9484-9c7e-4868-8d5c-0e344727e220',
        'https://intarea.s3.ap-northeast-2.amazonaws.com/upload/240909/2_57eb4048-c9ce-4bf5-9948-2f56551c7214.jpg',
        '2_57eb4048-c9ce-4bf5-9948-2f56551c7214.jpg', 'image.jpg', NOW(), NOW()),
       ('7b7d8ec7-a547-4f01-8ff5-7872d61c35e5', '8f2656be-2ba6-48f0-852c-0ce7901c7694',
        'https://intarea.s3.ap-northeast-2.amazonaws.com/upload/240909/0_a5f7874a-dc56-4a4b-bb36-ab0052e65e91.jpg',
        '0_a5f7874a-dc56-4a4b-bb36-ab0052e65e91.jpg', 'image.jpg', NOW(), NOW()),
       ('a9487ff1-4503-4cd6-8274-1a8de59f4ac4', '8f2656be-2ba6-48f0-852c-0ce7901c7694',
        'https://intarea.s3.ap-northeast-2.amazonaws.com/upload/240909/1_bf07c1cf-c204-40f3-bff7-b8229a8fa9ea.jpg',
        '1_bf07c1cf-c204-40f3-bff7-b8229a8fa9ea.jpg', 'image.jpg', NOW(), NOW()),
       ('c9c9a5c0-3fef-4ee6-b957-50c92abe87c5', '8f2656be-2ba6-48f0-852c-0ce7901c7694',
        'https://intarea.s3.ap-northeast-2.amazonaws.com/upload/240909/2_b5fdf9c7-ab24-464d-adec-32bb49204f73.jpg',
        '2_b5fdf9c7-ab24-464d-adec-32bb49204f73.jpg', 'image.jpg', NOW(), NOW()),
       ('15969d1c-739a-45b2-bbdd-0761b1329648', '32a53d61-d796-4dd5-85e5-de5ae790e3d0',
        'https://intarea.s3.ap-northeast-2.amazonaws.com/upload/240909/0_b5c5a9e0-dfbb-49dd-82a6-574ec3a9ef67.jpg',
        '0_b5c5a9e0-dfbb-49dd-82a6-574ec3a9ef67.jpg', 'image.jpg', NOW(), NOW()),
       ('a09b992b-aebd-43c0-b758-78e72a777cf9', '32a53d61-d796-4dd5-85e5-de5ae790e3d0',
        'https://intarea.s3.ap-northeast-2.amazonaws.com/upload/240909/1_c4f451c8-9daf-4de1-b5b0-83fb45bdadde.jpg',
        '1_c4f451c8-9daf-4de1-b5b0-83fb45bdadde.jpg', 'image.jpg', NOW(), NOW()),
       ('b2b85563-d90b-4f82-8862-cede57349dc0', 'a84a9e98-3eb0-4542-9bd0-94b54de5276f',
        'https://intarea.s3.ap-northeast-2.amazonaws.com/upload/240909/0_bbf73f94-f130-4ee2-8d8c-206280018b69.jpg',
        '0_bbf73f94-f130-4ee2-8d8c-206280018b69.jpg', 'image.jpg', NOW(), NOW()),
       ('03806eaf-0838-44b0-b50a-2fcfaffaae9f', 'a84a9e98-3eb0-4542-9bd0-94b54de5276f',
        'https://intarea.s3.ap-northeast-2.amazonaws.com/upload/240909/1_c6c4820c-8670-453c-b535-c292942c95df.jpg',
        '1_c6c4820c-8670-453c-b535-c292942c95df.jpg', 'image.jpg', NOW(), NOW()),
       ('726a200a-b120-4049-8706-76559501f0a3', 'ddf6aa59-f105-4a47-801c-2ec2166c25a2',
        'https://intarea.s3.ap-northeast-2.amazonaws.com/upload/240909/0_8c7a3a58-c311-4e24-9e33-329c6f34c1ba.jpg',
        '0_8c7a3a58-c311-4e24-9e33-329c6f34c1ba.jpg', 'image.jpg', NOW(), NOW()),
       ('e427d61c-8316-4af9-b872-bb8bb3787f33', 'ddf6aa59-f105-4a47-801c-2ec2166c25a2',
        'https://intarea.s3.ap-northeast-2.amazonaws.com/upload/240909/1_65d5ed28-bede-4bd3-bb62-026603cdac9e.jpg',
        '1_65d5ed28-bede-4bd3-bb62-026603cdac9e.jpg', 'image.jpg', NOW(), NOW()),
       ('973088bf-11af-471d-8edd-cf2a8f77ecf3', 'ddf6aa59-f105-4a47-801c-2ec2166c25a2',
        'https://intarea.s3.ap-northeast-2.amazonaws.com/upload/240909/2_84a33d84-6ff4-4c2c-9a3c-69e474c2e6f8.jpg',
        '2_84a33d84-6ff4-4c2c-9a3c-69e474c2e6f8.jpg', 'image.jpg', NOW(), NOW()),
       ('7d772d72-d018-417b-b5b0-63f720403688', '588df554-dfa5-40bf-bcb3-89da95baf4aa',
        'https://intarea.s3.ap-northeast-2.amazonaws.com/upload/240909/0_8720f1a9-82f8-4919-92d4-db44715bf7ab.jpg',
        '0_8720f1a9-82f8-4919-92d4-db44715bf7ab.jpg', 'image.jpg', NOW(), NOW()),
       ('c2adc07a-c37b-47f0-bb19-036637793f46', '588df554-dfa5-40bf-bcb3-89da95baf4aa',
        'https://intarea.s3.ap-northeast-2.amazonaws.com/upload/240909/1_0249f523-e6a4-4516-8fd1-74fd23f2948b.jpg',
        '1_0249f523-e6a4-4516-8fd1-74fd23f2948b.jpg', 'image.jpg', NOW(), NOW()),
       ('e624b504-e667-4cfc-992a-0c04064f4e98', '588df554-dfa5-40bf-bcb3-89da95baf4aa',
        'https://intarea.s3.ap-northeast-2.amazonaws.com/upload/240909/2_32852ad0-88b7-4ae8-aa50-7ce510fe1685.jpg',
        '2_32852ad0-88b7-4ae8-aa50-7ce510fe1685.jpg', 'image.jpg', NOW(), NOW()),
       ('4b86cc64-b60f-4efb-b6d4-b559b5af8706', 'c555ca13-b258-484f-9cd0-706c4a8c02bc',
        'https://intarea.s3.ap-northeast-2.amazonaws.com/upload/240909/0_10e905d7-6c31-4b5f-b0f5-b4e1d94ae5ba.jpg',
        '0_10e905d7-6c31-4b5f-b0f5-b4e1d94ae5ba.jpg', 'image.jpg', NOW(), NOW()),
       ('8ff8c122-e529-456e-ac44-de15b025aa5f', 'c555ca13-b258-484f-9cd0-706c4a8c02bc',
        'https://intarea.s3.ap-northeast-2.amazonaws.com/upload/240909/1_405f99b5-123f-40db-91c8-003685612cbf.jpg',
        '1_405f99b5-123f-40db-91c8-003685612cbf.jpg', 'image.jpg', NOW(), NOW()),
       ('b86aa5ab-4206-4536-ab04-f8c01b8c965a', 'c555ca13-b258-484f-9cd0-706c4a8c02bc',
        'https://intarea.s3.ap-northeast-2.amazonaws.com/upload/240909/2_52ad677f-4d75-4a76-8946-3c48a8a66843.jpg',
        '2_52ad677f-4d75-4a76-8946-3c48a8a66843.jpg', 'image.jpg', NOW(), NOW()),
       ('74de7e59-d513-433d-8811-539e947d03b4', 'f7542254-ea9e-4d78-8443-ae5e8597ca00',
        'https://intarea.s3.ap-northeast-2.amazonaws.com/upload/240909/0_591927e1-741c-4fce-9f22-8ceb1751cb29.jpg',
        '0_591927e1-741c-4fce-9f22-8ceb1751cb29.jpg', 'image.jpg', NOW(), NOW()),
       ('39488b50-b5c7-40bb-bd07-1d2046e01178', 'f7542254-ea9e-4d78-8443-ae5e8597ca00',
        'https://intarea.s3.ap-northeast-2.amazonaws.com/upload/240909/1_c1ad7676-345d-42b4-a2b9-126fec0ecdb2.jpg',
        '1_c1ad7676-345d-42b4-a2b9-126fec0ecdb2.jpg', 'image.jpg', NOW(), NOW()),
       ('0312a175-aac1-4f06-a138-d2e74528ec18', 'f7542254-ea9e-4d78-8443-ae5e8597ca00',
        'https://intarea.s3.ap-northeast-2.amazonaws.com/upload/240909/2_882ad2c5-334c-48ee-9853-71fec6276eaf.jpg',
        '2_882ad2c5-334c-48ee-9853-71fec6276eaf.jpg', 'image.jpg', NOW(), NOW()),
       ('8c1f5857-2083-4c5a-9352-2288c98f5d40', '448a1330-a32e-4f3c-a5d9-4036c35b3f0c',
        'https://intarea.s3.ap-northeast-2.amazonaws.com/upload/240909/0_20beec13-0031-458a-bab2-ead189d928fd.jpg',
        '0_20beec13-0031-458a-bab2-ead189d928fd.jpg', 'image.jpg', NOW(), NOW()),
       ('4d5b00f1-ef34-4222-ad08-9f85a49e502c', '448a1330-a32e-4f3c-a5d9-4036c35b3f0c',
        'https://intarea.s3.ap-northeast-2.amazonaws.com/upload/240909/1_88d9db67-d49e-468f-b94e-697c098304f2.jpg',
        '1_88d9db67-d49e-468f-b94e-697c098304f2.jpg', 'image.jpg', NOW(), NOW()),
       ('dfcca0e6-c07d-442b-901f-2ed4f0bf665c', '448a1330-a32e-4f3c-a5d9-4036c35b3f0c',
        'https://intarea.s3.ap-northeast-2.amazonaws.com/upload/240909/2_b35e25ac-6a9d-4716-b19a-ac4484a677a8.jpg',
        '2_b35e25ac-6a9d-4716-b19a-ac4484a677a8.jpg', 'image.jpg', NOW(), NOW()),
       ('907742fc-8348-43c9-bc62-593308d0df3e', '4019a217-da8d-4203-9a3b-b5ec91be9ebc',
        'https://intarea.s3.ap-northeast-2.amazonaws.com/upload/240909/0_0c19a21d-1d05-42d5-a0f6-413b1cdacfb3.jpg',
        '0_0c19a21d-1d05-42d5-a0f6-413b1cdacfb3.jpg', 'image.jpg', NOW(), NOW()),
       ('3c523ce9-b029-4b44-8cfa-8170af511400', '4019a217-da8d-4203-9a3b-b5ec91be9ebc',
        'https://intarea.s3.ap-northeast-2.amazonaws.com/upload/240909/1_b0f78a45-1d34-44bc-8c52-afda16bd8d64.jpg',
        '1_b0f78a45-1d34-44bc-8c52-afda16bd8d64.jpg', 'image.jpg', NOW(), NOW()),
       ('d5fcafac-0e32-4131-b78c-0870bb2975e4', '4019a217-da8d-4203-9a3b-b5ec91be9ebc',
        'https://intarea.s3.ap-northeast-2.amazonaws.com/upload/240909/2_fc9c5f28-cdff-4d88-a082-04f4af5b99ba.jpg',
        '2_fc9c5f28-cdff-4d88-a082-04f4af5b99ba.jpg', 'image.jpg', NOW(), NOW()),
       ('aa2e715d-d223-48cf-b273-caedfdc7ac78', '03955dd7-ca58-4e38-95ec-61a9e185a0cf',
        'https://intarea.s3.ap-northeast-2.amazonaws.com/upload/240909/0_67eecd52-4a21-4968-8e4c-dde91cdc3515.jpg',
        '0_67eecd52-4a21-4968-8e4c-dde91cdc3515.jpg', 'image.jpg', NOW(), NOW()),
       ('7f56d4ca-9588-4487-a307-3f786dfc23d6', '03955dd7-ca58-4e38-95ec-61a9e185a0cf',
        'https://intarea.s3.ap-northeast-2.amazonaws.com/upload/240909/1_fd1d9320-ea01-4160-821b-c0d8b9ae46c9.jpg',
        '1_fd1d9320-ea01-4160-821b-c0d8b9ae46c9.jpg', 'image.jpg', NOW(), NOW()),
       ('c7c2f5a0-4262-4193-b7c7-576c31b0ea91', 'bfa82799-dfe4-4576-95d6-610aa66e458a',
        'https://intarea.s3.ap-northeast-2.amazonaws.com/upload/240909/0_089c11f9-0bf3-4339-a15f-89cf89e69f4a.jpg',
        '0_089c11f9-0bf3-4339-a15f-89cf89e69f4a.jpg', 'image.jpg', NOW(), NOW()),
       ('8eb5019a-a2b1-4162-9e2c-0776093dbd03', 'bfa82799-dfe4-4576-95d6-610aa66e458a',
        'https://intarea.s3.ap-northeast-2.amazonaws.com/upload/240909/1_45946fa4-9118-48fc-a5f4-668d7f01db25.jpg',
        '1_45946fa4-9118-48fc-a5f4-668d7f01db25.jpg', 'image.jpg', NOW(), NOW()),
       ('5d7a782d-c0e7-4d57-b5c5-0b9d1b624197', 'bfa82799-dfe4-4576-95d6-610aa66e458a',
        'https://intarea.s3.ap-northeast-2.amazonaws.com/upload/240909/2_6b05d550-9bae-40fc-aa2e-927891431da7.jpg',
        '2_6b05d550-9bae-40fc-aa2e-927891431da7.jpg', 'image.jpg', NOW(), NOW()),
       ('8a27cece-8648-47b7-8e11-fc91e788a189', '15bd3565-6d28-4c34-ac7f-dfee9e8f6d33',
        'https://intarea.s3.ap-northeast-2.amazonaws.com/upload/240909/0_cf47d6e2-90d2-49de-8de2-138eeff3b84a.jpg',
        '0_cf47d6e2-90d2-49de-8de2-138eeff3b84a.jpg', 'image.jpg', NOW(), NOW()),
       ('a5e4b8a2-28a8-44b7-af67-adf148e95d4a', '15bd3565-6d28-4c34-ac7f-dfee9e8f6d33',
        'https://intarea.s3.ap-northeast-2.amazonaws.com/upload/240909/1_6434d614-5aba-4727-bd4a-59e9106fef78.jpg',
        '1_6434d614-5aba-4727-bd4a-59e9106fef78.jpg', 'image.jpg', NOW(), NOW()),
       ('a1d34988-c537-462a-afe2-5def809f7639', '15bd3565-6d28-4c34-ac7f-dfee9e8f6d33',
        'https://intarea.s3.ap-northeast-2.amazonaws.com/upload/240909/2_5ffe7974-4b52-4726-80a3-d0d7f0da217a.jpg',
        '2_5ffe7974-4b52-4726-80a3-d0d7f0da217a.jpg', 'image.jpg', NOW(), NOW()),
       ('18740e6c-3b19-462b-ba6a-138e969afa5a', 'b7717133-b0ab-429a-ad3d-a9a27feab7a3',
        'https://intarea.s3.ap-northeast-2.amazonaws.com/upload/240909/0_bffb5319-d450-4f7f-a85e-e48d8f8b54ec.jpg',
        '0_bffb5319-d450-4f7f-a85e-e48d8f8b54ec.jpg', 'image.jpg', NOW(), NOW()),
       ('518a33e2-a650-4279-9efa-e56363a94eac', 'b7717133-b0ab-429a-ad3d-a9a27feab7a3',
        'https://intarea.s3.ap-northeast-2.amazonaws.com/upload/240909/1_5cfb98bd-a2e8-430d-b24e-24a6b3dd516f.jpg',
        '1_5cfb98bd-a2e8-430d-b24e-24a6b3dd516f.jpg', 'image.jpg', NOW(), NOW()),
       ('10b82537-9fb8-436c-b893-5b77989d1ade', 'b7717133-b0ab-429a-ad3d-a9a27feab7a3',
        'https://intarea.s3.ap-northeast-2.amazonaws.com/upload/240909/2_0d1d1e6e-529f-4b45-b725-0565f9afd062.jpg',
        '2_0d1d1e6e-529f-4b45-b725-0565f9afd062.jpg', 'image.jpg', NOW(), NOW()),
       ('5cd56da0-fb8d-43bb-8e67-e2798643d924', '874bfa4f-44fa-47a6-88c6-3f8e59db1975',
        'https://intarea.s3.ap-northeast-2.amazonaws.com/upload/240909/0_2aa305ac-a2f6-4a33-be68-f8dff582ae79.jpg',
        '0_2aa305ac-a2f6-4a33-be68-f8dff582ae79.jpg', 'image.jpg', NOW(), NOW()),
       ('111071bf-7cd5-4d61-a244-76f3658798d7', '874bfa4f-44fa-47a6-88c6-3f8e59db1975',
        'https://intarea.s3.ap-northeast-2.amazonaws.com/upload/240909/1_8d542daf-d446-498a-bfcb-330819b9d595.jpg',
        '1_8d542daf-d446-498a-bfcb-330819b9d595.jpg', 'image.jpg', NOW(), NOW()),
       ('4b4705a5-b2c8-42df-a5fe-2961bf89ee02', '874bfa4f-44fa-47a6-88c6-3f8e59db1975',
        'https://intarea.s3.ap-northeast-2.amazonaws.com/upload/240909/2_b312cc3b-d597-4f6c-9b38-350b4f8832a2.jpg',
        '2_b312cc3b-d597-4f6c-9b38-350b4f8832a2.jpg', 'image.jpg', NOW(), NOW()),
       ('95bfa7d6-356b-4809-8244-24117745f000', '3e70220e-3b5d-4ba1-81c3-8d484dd8bc62',
        'https://intarea.s3.ap-northeast-2.amazonaws.com/upload/240909/0_2f65d19c-ffd2-4740-8026-787c234dea3d.jpg',
        '0_2f65d19c-ffd2-4740-8026-787c234dea3d.jpg', 'image.jpg', NOW(), NOW()),
       ('14699fda-7f0f-4ef3-8923-e1b34d283410', '3e70220e-3b5d-4ba1-81c3-8d484dd8bc62',
        'https://intarea.s3.ap-northeast-2.amazonaws.com/upload/240909/1_ada93fa2-6d44-4445-969e-338ed3248486.jpg',
        '1_ada93fa2-6d44-4445-969e-338ed3248486.jpg', 'image.jpg', NOW(), NOW()),
       ('36f332ca-e970-4193-89e6-26677f82df7b', '3e70220e-3b5d-4ba1-81c3-8d484dd8bc62',
        'https://intarea.s3.ap-northeast-2.amazonaws.com/upload/240909/2_7e9c4b99-ec7c-413b-8316-258efa87a4c2.jpg',
        '2_7e9c4b99-ec7c-413b-8316-258efa87a4c2.jpg', 'image.jpg', NOW(), NOW()),
       ('625d8c1e-d808-4581-b5c2-508727d3455b', '01fc273f-6eb2-4cbf-91f2-bd41cb441695',
        'https://intarea.s3.ap-northeast-2.amazonaws.com/upload/240909/0_2d69899d-6242-4eb1-bc6a-1a0a2c0764a3.jpg',
        '0_2d69899d-6242-4eb1-bc6a-1a0a2c0764a3.jpg', 'image.jpg', NOW(), NOW()),
       ('1e29f952-85ce-4899-8add-b342c84f9a71', '01fc273f-6eb2-4cbf-91f2-bd41cb441695',
        'https://intarea.s3.ap-northeast-2.amazonaws.com/upload/240909/1_67bed700-5e47-4795-9358-cda976f1a6bc.jpg',
        '1_67bed700-5e47-4795-9358-cda976f1a6bc.jpg', 'image.jpg', NOW(), NOW()),
       ('1a748823-433a-44c1-9e9a-5675a5e39f31', '33741412-2961-4bd7-b2c3-b8a4a9d34eb0',
        'https://intarea.s3.ap-northeast-2.amazonaws.com/upload/240909/0_ad51c6b4-330b-49a3-a54a-0556b08fff6b.jpg',
        '0_ad51c6b4-330b-49a3-a54a-0556b08fff6b.jpg', 'image.jpg', NOW(), NOW()),
       ('e8779448-b15d-41d2-9436-4cf338576cd2', '33741412-2961-4bd7-b2c3-b8a4a9d34eb0',
        'https://intarea.s3.ap-northeast-2.amazonaws.com/upload/240909/1_63ee4346-b657-44bc-97c4-564db45e65fb.jpg',
        '1_63ee4346-b657-44bc-97c4-564db45e65fb.jpg', 'image.jpg', NOW(), NOW()),
       ('886e7d07-fed9-41e7-a2ca-3286386c4afe', 'cddf856f-c5f6-4fe1-a196-82098e2271a7',
        'https://intarea.s3.ap-northeast-2.amazonaws.com/upload/240909/0_d9063f19-d304-40c0-a6d5-99190abf79dd.jpg',
        '0_d9063f19-d304-40c0-a6d5-99190abf79dd.jpg', 'image.jpg', NOW(), NOW()),
       ('758e550d-5cae-4e39-9035-c6093e3986cc', 'cddf856f-c5f6-4fe1-a196-82098e2271a7',
        'https://intarea.s3.ap-northeast-2.amazonaws.com/upload/240909/1_714d940e-6536-4f3d-9223-73143c357ce6.jpg',
        '1_714d940e-6536-4f3d-9223-73143c357ce6.jpg', 'image.jpg', NOW(), NOW()),
       ('70719363-9826-46b7-8226-2890a60d2b4f', '39718eb1-fff2-4104-b966-3c7b4750f9a6',
        'https://intarea.s3.ap-northeast-2.amazonaws.com/upload/240909/0_d9642f7d-3c95-4c08-8086-6007cd663ea2.jpg',
        '0_d9642f7d-3c95-4c08-8086-6007cd663ea2.jpg', 'image.jpg', NOW(), NOW()),
       ('a9864494-8c10-4e72-ab0c-d034f15f0609', '39718eb1-fff2-4104-b966-3c7b4750f9a6',
        'https://intarea.s3.ap-northeast-2.amazonaws.com/upload/240909/1_68a10450-fdaf-4020-8e43-025a578941db.jpg',
        '1_68a10450-fdaf-4020-8e43-025a578941db.jpg', 'image.jpg', NOW(), NOW()),
       ('487e5fe8-7e5d-441f-a96a-5fb99500f46a', 'c08f8dba-4e9c-4530-b67e-b05861206c15',
        'https://intarea.s3.ap-northeast-2.amazonaws.com/upload/240909/0_bcb5079b-dc95-4d99-8e83-6ae3c250db81.jpg',
        '0_bcb5079b-dc95-4d99-8e83-6ae3c250db81.jpg', 'image.jpg', NOW(), NOW()),
       ('19095207-eebf-41f9-b405-f81c003f25c5', 'c08f8dba-4e9c-4530-b67e-b05861206c15',
        'https://intarea.s3.ap-northeast-2.amazonaws.com/upload/240909/1_cf93e7a0-2e90-4dd5-949e-7b09321c3acc.jpg',
        '1_cf93e7a0-2e90-4dd5-949e-7b09321c3acc.jpg', 'image.jpg', NOW(), NOW()),
       ('9f7eb483-8705-4d92-b43e-03200889421e', '720f96dc-9e31-4d1c-9034-08e3c869e8f6',
        'https://intarea.s3.ap-northeast-2.amazonaws.com/upload/240909/0_016552d3-40fa-459a-bb65-17aeb928f11c.jpg',
        '0_016552d3-40fa-459a-bb65-17aeb928f11c.jpg', 'image.jpg', NOW(), NOW()),
       ('ebf4b49a-43e3-49bb-98dd-9a5f73d6e0c8', '720f96dc-9e31-4d1c-9034-08e3c869e8f6',
        'https://intarea.s3.ap-northeast-2.amazonaws.com/upload/240909/1_8cb47559-131d-4618-9802-072348b6d8a4.jpg',
        '1_8cb47559-131d-4618-9802-072348b6d8a4.jpg', 'image.jpg', NOW(), NOW()),
       ('3170b7bd-4443-4e23-ae6e-e5db1d7f3b2c', '71b3e58a-94da-44a1-b3d5-7036c4e08c35',
        'https://intarea.s3.ap-northeast-2.amazonaws.com/upload/240909/0_31f31c4e-67f1-4eea-a68e-adb37e46e4a9.jpg',
        '0_31f31c4e-67f1-4eea-a68e-adb37e46e4a9.jpg', 'image.jpg', NOW(), NOW()),
       ('6b72fccc-0f26-4f56-a63c-7204736aaa96', '71b3e58a-94da-44a1-b3d5-7036c4e08c35',
        'https://intarea.s3.ap-northeast-2.amazonaws.com/upload/240909/1_3cb2b1ff-e76d-41d0-9168-e72b71d0c9ff.jpg',
        '1_3cb2b1ff-e76d-41d0-9168-e72b71d0c9ff.jpg', 'image.jpg', NOW(), NOW()),
       ('184429f9-4d16-4fee-870d-1be6d8f6c7d4', '11f482fa-ba91-4f04-a6ba-d8528ff1ecea',
        'https://intarea.s3.ap-northeast-2.amazonaws.com/upload/240909/0_703b406a-d4c5-438e-bc54-45921a9c7fc7.jpg',
        '0_703b406a-d4c5-438e-bc54-45921a9c7fc7.jpg', 'image.jpg', NOW(), NOW()),
       ('a05311b2-00b5-489c-a5f4-383ac7bc8908', '11f482fa-ba91-4f04-a6ba-d8528ff1ecea',
        'https://intarea.s3.ap-northeast-2.amazonaws.com/upload/240909/1_ebe8ca81-95b1-4c05-a249-2afc1c5369a7.jpg',
        '1_ebe8ca81-95b1-4c05-a249-2afc1c5369a7.jpg', 'image.jpg', NOW(), NOW()),
       ('925438bc-2d63-4977-a119-306a518a37d8', '040a58d5-677a-417f-91f1-60849fd5a4f3',
        'https://intarea.s3.ap-northeast-2.amazonaws.com/upload/240909/0_1802697e-5cec-4edd-8a39-c9d53cef46d9.jpg',
        '0_1802697e-5cec-4edd-8a39-c9d53cef46d9.jpg', 'image.jpg', NOW(), NOW()),
       ('4680d4e6-ec37-4082-aced-c979f0269e4f', '040a58d5-677a-417f-91f1-60849fd5a4f3',
        'https://intarea.s3.ap-northeast-2.amazonaws.com/upload/240909/1_95b9f8b3-5088-40e1-b8a6-9ce85cb2747d.jpg',
        '1_95b9f8b3-5088-40e1-b8a6-9ce85cb2747d.jpg', 'image.jpg', NOW(), NOW()),
       ('1ba3b3ba-5a4a-4c43-9ab3-11043c9595a8', '20913e36-be07-445e-8e51-8941aeb6ba85',
        'https://intarea.s3.ap-northeast-2.amazonaws.com/upload/240909/0_b82e205d-9c37-4b9f-ae12-0b36c5d83112.jpg',
        '0_b82e205d-9c37-4b9f-ae12-0b36c5d83112.jpg', 'image.jpg', NOW(), NOW()),
       ('e5466138-2a33-43d4-8ff1-8cf935b8f6c5', '20913e36-be07-445e-8e51-8941aeb6ba85',
        'https://intarea.s3.ap-northeast-2.amazonaws.com/upload/240909/1_3ffa2030-717f-4c86-ac60-d409a33683a6.jpg',
        '1_3ffa2030-717f-4c86-ac60-d409a33683a6.jpg', 'image.jpg', NOW(), NOW()),
       ('5bf60d1a-8e47-4487-9a5e-b1efd535de5c', '85bf0f24-38ba-4057-a720-2246d6e4f993',
        'https://intarea.s3.ap-northeast-2.amazonaws.com/upload/240909/0_a2be098d-89e8-4af2-8fe8-b81e23ac451b.jpg',
        '0_a2be098d-89e8-4af2-8fe8-b81e23ac451b.jpg', 'image.jpg', NOW(), NOW()),
       ('019c46bc-0e0f-47ce-87bc-434a776c7ba0', '85bf0f24-38ba-4057-a720-2246d6e4f993',
        'https://intarea.s3.ap-northeast-2.amazonaws.com/upload/240909/1_6b38ac1d-4924-4e43-b748-671a006fdb8a.jpg',
        '1_6b38ac1d-4924-4e43-b748-671a006fdb8a.jpg', 'image.jpg', NOW(), NOW()),
       ('410cfcf6-68e7-4b5b-b186-06a93ded8d41', 'cb051bea-9d65-4b17-b9c8-586884cbf311',
        'https://intarea.s3.ap-northeast-2.amazonaws.com/upload/240909/0_3cdd2b21-9a2b-4878-a87b-a1a451962b61.jpg',
        '0_3cdd2b21-9a2b-4878-a87b-a1a451962b61.jpg', 'image.jpg', NOW(), NOW()),
       ('6b626598-e16c-4b0d-956e-a6805ed90e5b', '63dd9b9a-0d1d-45a6-90be-2323d917d517',
        'https://intarea.s3.ap-northeast-2.amazonaws.com/upload/240909/0_41ae4eb8-f796-4a5f-a9ac-f82972125386.jpg',
        '0_41ae4eb8-f796-4a5f-a9ac-f82972125386.jpg', 'image.jpg', NOW(), NOW()),
       ('d6919521-1e33-49ca-8274-832979536743', '41319d67-21a3-4ab3-bb28-9ec93362a60b',
        'https://intarea.s3.ap-northeast-2.amazonaws.com/upload/240909/0_818e9b59-55ab-40e5-83b5-a6e8070b03f8.jpg',
        '0_818e9b59-55ab-40e5-83b5-a6e8070b03f8.jpg', 'image.jpg', NOW(), NOW()),
       ('3bc3e0b6-40f9-44ba-8868-24c832d3984c', '17d16dae-3e7b-4ec3-93d9-352f57365b6d',
        'https://intarea.s3.ap-northeast-2.amazonaws.com/upload/240909/0_e239212f-f364-433b-9820-6f79646ee616.jpg',
        '0_e239212f-f364-433b-9820-6f79646ee616.jpg', 'image.jpg', NOW(), NOW()),
       ('6a0fa2ae-402a-4bf6-9914-e1b631f32aa6', 'c951bee5-1142-46b9-802c-0dafbac6985d',
        'https://intarea.s3.ap-northeast-2.amazonaws.com/upload/240909/0_5747b3fb-27d0-4927-b5f8-15b7a741dfe8.jpg',
        '0_5747b3fb-27d0-4927-b5f8-15b7a741dfe8.jpg', 'image.jpg', NOW(), NOW()),
       ('5bc262d2-4ab9-47e3-9bc6-9ea84268d1ca', '8f12bf9e-5474-46c5-a480-369437e29572',
        'https://intarea.s3.ap-northeast-2.amazonaws.com/upload/240909/0_b1b6a54c-f959-45c3-b089-9403a60d5b4b.jpg',
        '0_b1b6a54c-f959-45c3-b089-9403a60d5b4b.jpg', 'image.jpg', NOW(), NOW()),
       ('1900fa09-cd3a-4580-a919-08e27d7f5345', '82ac8fef-826f-4210-b444-99141479ecbd',
        'https://intarea.s3.ap-northeast-2.amazonaws.com/upload/240909/0_accd2c64-fc1b-4467-83e2-8bea477313f5.jpg',
        '0_accd2c64-fc1b-4467-83e2-8bea477313f5.jpg', 'image.jpg', NOW(), NOW()),

       -- Quotation
       ('4865be3c-b8bf-408e-9ba2-da8ec699f96d', 'f26e4985-d7e6-46c9-8447-b730457a426f',
        'https://intarea.s3.ap-northeast-2.amazonaws.com/upload/240911/0_c8e3d892-1dcd-4d3b-af2c-e06bdecb49ba.jpeg',
        '0_c8e3d892-1dcd-4d3b-af2c-e06bdecb49ba.jpeg', 'image.jpg', NOW(), NOW()),
       ('dd9f844d-4250-49f2-bb47-6426184912f3', 'f26e4985-d7e6-46c9-8447-b730457a426f',
        'https://intarea.s3.ap-northeast-2.amazonaws.com/upload/240911/1_f4b8ac1e-5c21-46fc-8061-4ef043bf2fe1.jpeg',
        '1_f4b8ac1e-5c21-46fc-8061-4ef043bf2fe1.jpeg', 'image.jpg', NOW(), NOW()),
       ('08d42a3d-8b8a-44f3-afb7-59c07eaa3225', 'f26e4985-d7e6-46c9-8447-b730457a426f',
        'https://intarea.s3.ap-northeast-2.amazonaws.com/upload/240911/2_f383a49e-39d3-4069-8a7a-1362ecc2a59a.jpeg',
        '2_f383a49e-39d3-4069-8a7a-1362ecc2a59a.jpeg', 'image.jpg', NOW(), NOW()),
       ('1665d8d3-bac6-46f4-824c-caaa545e5a38', '05659dde-23f8-4ce3-bc8f-bff00309ce15',
        'https://intarea.s3.ap-northeast-2.amazonaws.com/upload/240911/0_bcc1c784-7f24-41a2-b08d-c5c3cff80d28.jpeg',
        '0_bcc1c784-7f24-41a2-b08d-c5c3cff80d28.jpeg', 'image.jpg', NOW(), NOW()),
       ('716e2a80-3f68-4aeb-878d-193af7fb2a93', '05659dde-23f8-4ce3-bc8f-bff00309ce15',
        'https://intarea.s3.ap-northeast-2.amazonaws.com/upload/240911/1_d6937694-d5ff-43c5-92c5-22bb47aa323c.jpeg',
        '1_d6937694-d5ff-43c5-92c5-22bb47aa323c.jpeg', 'image.jpg', NOW(), NOW()),
       ('d0e8cf77-37ca-422d-8f25-6d29f78b5110', '05659dde-23f8-4ce3-bc8f-bff00309ce15',
        'https://intarea.s3.ap-northeast-2.amazonaws.com/upload/240911/2_360892f8-902f-4b8e-802d-cade718625ca.jpeg',
        '2_360892f8-902f-4b8e-802d-cade718625ca.jpeg', 'image.jpg', NOW(), NOW()),
       ('d60f9c46-7896-405c-84ed-e8f4a5342cb9', 'b8da5f4e-e390-4be9-b7f3-71ee45cc4db1',
        'https://intarea.s3.ap-northeast-2.amazonaws.com/upload/240911/0_0e59559b-08b0-4531-9bbf-6aad5bcf0cff.jpeg',
        '0_0e59559b-08b0-4531-9bbf-6aad5bcf0cff.jpeg', 'image.jpg', NOW(), NOW()),
       ('0d7a5bee-4b2d-455a-8682-720b45cc0afd', 'b8da5f4e-e390-4be9-b7f3-71ee45cc4db1',
        'https://intarea.s3.ap-northeast-2.amazonaws.com/upload/240911/1_a713118c-c96e-4a8a-9918-fd5de056804d.jpeg',
        '1_a713118c-c96e-4a8a-9918-fd5de056804d.jpeg', 'image.jpg', NOW(), NOW()),
       ('3e504d7c-fcd4-4d80-8be2-702edd48081b', 'b8da5f4e-e390-4be9-b7f3-71ee45cc4db1',
        'https://intarea.s3.ap-northeast-2.amazonaws.com/upload/240911/2_fe7e9abb-0d4f-4c5f-b8d6-b09ef042516a.jpeg',
        '2_fe7e9abb-0d4f-4c5f-b8d6-b09ef042516a.jpeg', 'image.jpg', NOW(), NOW()),
       ('fa926ae1-1857-4c31-88d6-cfeef363b344', 'ec9fa87a-c31d-4dbd-8a8f-d9bfd112ad16',
        'https://intarea.s3.ap-northeast-2.amazonaws.com/upload/240911/0_6f2379e6-af72-4c94-969d-0cb9bc20f0f6.jpeg',
        '0_6f2379e6-af72-4c94-969d-0cb9bc20f0f6.jpeg', 'image.jpg', NOW(), NOW()),
       ('02735719-b714-4e8a-82ce-09ab605bd061', 'ec9fa87a-c31d-4dbd-8a8f-d9bfd112ad16',
        'https://intarea.s3.ap-northeast-2.amazonaws.com/upload/240911/1_5da49256-cb89-4490-875e-494946712cbf.jpeg',
        '1_5da49256-cb89-4490-875e-494946712cbf.jpeg', 'image.jpg', NOW(), NOW()),
       ('d86422ff-15ed-416a-b0a1-cbb090fe2a39', 'ec9fa87a-c31d-4dbd-8a8f-d9bfd112ad16',
        'https://intarea.s3.ap-northeast-2.amazonaws.com/upload/240911/2_a89b57f2-0b53-481e-8499-f10c021b4c54.jpeg',
        '2_a89b57f2-0b53-481e-8499-f10c021b4c54.jpeg', 'image.jpg', NOW(), NOW()),
       ('63299262-05ba-468a-947f-53f051a06851', 'e5e8d4ff-1944-4dd8-abfa-5af26aec3894',
        'https://intarea.s3.ap-northeast-2.amazonaws.com/upload/240911/0_b23c9293-8490-4946-a5e2-094e78f57c90.jpeg',
        '0_b23c9293-8490-4946-a5e2-094e78f57c90.jpeg', 'image.jpg', NOW(), NOW()),
       ('7610675c-475c-435f-b6d2-082324d9b1b0', 'e5e8d4ff-1944-4dd8-abfa-5af26aec3894',
        'https://intarea.s3.ap-northeast-2.amazonaws.com/upload/240911/1_15f63442-19a2-4a69-ae29-27f7aceab737.jpeg',
        '1_15f63442-19a2-4a69-ae29-27f7aceab737.jpeg', 'image.jpg', NOW(), NOW()),
       ('2eab7ffd-2497-49b4-9e0d-a50625882c12', 'e5e8d4ff-1944-4dd8-abfa-5af26aec3894',
        'https://intarea.s3.ap-northeast-2.amazonaws.com/upload/240911/2_38994535-5ec1-41ff-b700-65006e4a5f7d.jpeg',
        '2_38994535-5ec1-41ff-b700-65006e4a5f7d.jpeg', 'image.jpg', NOW(), NOW()),
       ('edcb20a7-e971-4e97-9660-01c9e61f09dd', '42dbbfae-ad63-42bc-822e-5a5b3ba17324',
        'https://intarea.s3.ap-northeast-2.amazonaws.com/upload/240910/0_e270137e-5bdf-4068-ad68-14bc07406090.jpeg',
        '0_e270137e-5bdf-4068-ad68-14bc07406090.jpeg', 'image.jpg', NOW(), NOW()),
       ('27e6289d-96a0-47fc-8ac4-8f05c80d6dde', 'acd9b947-7db0-4c34-9f01-479a8fc76363',
        'https://intarea.s3.ap-northeast-2.amazonaws.com/upload/240910/0_03f8356b-194d-4e87-9654-49ecc1fbebe6.jpeg',
        '0_03f8356b-194d-4e87-9654-49ecc1fbebe6.jpeg', 'image.jpg', NOW(), NOW()),
       ('ce795324-da48-43f8-9fed-34ac58b8d82a', '4abcb9f7-11f8-4689-b0d3-a5e8811a7f92',
        'https://intarea.s3.ap-northeast-2.amazonaws.com/upload/240910/0_543fb137-8735-4ad7-bdd3-556c00caf894.jpeg',
        '0_543fb137-8735-4ad7-bdd3-556c00caf894.jpeg', 'image.jpg', NOW(), NOW()),
       ('1c72402c-2ace-4c97-a4b8-dcf6dc565570', 'd0c01e09-922e-47f6-ab4b-a15856512440',
        'https://intarea.s3.ap-northeast-2.amazonaws.com/upload/240910/0_df97c1d4-34b4-4ccb-803b-badcb0907730.jpeg',
        '0_df97c1d4-34b4-4ccb-803b-badcb0907730.jpeg', 'image.jpg', NOW(), NOW()),
       ('972522bc-97a9-4248-bcec-39b146afb980', 'e14f2540-bd5f-42dc-a745-adbfd912dec6',
        'https://intarea.s3.ap-northeast-2.amazonaws.com/upload/240910/0_d3c1057f-0648-4306-b835-73f29b5aedff.jpeg',
        '0_d3c1057f-0648-4306-b835-73f29b5aedff.jpeg', 'image.jpg', NOW(), NOW()),
       ('c5392f8d-4e76-4d63-9ded-26b9dfc0a82a', '66257620-37d8-4fec-86fc-6a7e71b7abb7',
        'https://intarea.s3.ap-northeast-2.amazonaws.com/upload/240910/0_0ef2a9f7-708f-4434-a364-fbe2fb7d2be4.jpeg',
        '0_0ef2a9f7-708f-4434-a364-fbe2fb7d2be4.jpeg', 'image.jpg', NOW(), NOW()),
       ('bd6ca969-2ebf-480b-99ab-1b3375f98389', 'b2b50947-7617-4850-b2bd-2922fb82223f',
        'https://intarea.s3.ap-northeast-2.amazonaws.com/upload/240910/0_525dbd37-4005-40be-ade1-968b29793b66.jpeg',
        '0_525dbd37-4005-40be-ade1-968b29793b66.jpeg', 'image.jpg', NOW(), NOW()),
       ('ed2d4df6-32d0-4d23-b9c1-a893d1b91279', 'b139952c-06fc-456e-8a6e-8818c8862233',
        'https://intarea.s3.ap-northeast-2.amazonaws.com/upload/240910/0_f1e8f4a2-eb94-40ad-8047-24ab4805e4e8.jpeg',
        '0_f1e8f4a2-eb94-40ad-8047-24ab4805e4e8.jpeg', 'image.jpg', NOW(), NOW()),
       ('17b7eceb-d53a-48de-a4ab-7f585833f71c', 'ed82c2b3-e701-4a23-b12e-205ac933f29e',
        'https://intarea.s3.ap-northeast-2.amazonaws.com/upload/240910/0_a4110b31-a601-4883-898e-342baaa05a5b.jpeg',
        '0_a4110b31-a601-4883-898e-342baaa05a5b.jpeg', 'image.jpg', NOW(), NOW()),
       ('ee6be426-6dab-45fc-985a-9187b3023deb', '46955ec8-d9ba-456f-ba58-8fd57c79e5e2',
        'https://intarea.s3.ap-northeast-2.amazonaws.com/upload/240910/0_bdee08ea-5aec-4e40-afe1-170e8117d297.jpeg',
        '0_bdee08ea-5aec-4e40-afe1-170e8117d297.jpeg', 'image.jpg', NOW(), NOW()),
       ('4d336118-5d8b-415b-ab14-788ecf3db052', '7a5aeee7-87af-4b2f-9dce-5b580440d4af',
        'https://intarea.s3.ap-northeast-2.amazonaws.com/upload/240910/0_75a9ea86-d694-48ea-a0f3-1ae92ca51710.jpeg',
        '0_75a9ea86-d694-48ea-a0f3-1ae92ca51710.jpeg', 'image.jpg', NOW(), NOW()),
       ('b563d3b4-2e4f-4f61-9d88-75da8d0777a4', 'f97c957f-c642-48e2-bab2-3e553153fcfa',
        'https://intarea.s3.ap-northeast-2.amazonaws.com/upload/240910/0_91730244-fe06-4b23-b9a7-0e54b8e7ad1b.jpeg',
        '0_91730244-fe06-4b23-b9a7-0e54b8e7ad1b.jpeg', 'image.jpg', NOW(), NOW()),
       ('a7f274d5-97f8-462f-8d95-19f99037afe8', '39445574-c53b-4052-94e3-ab6311538abd',
        'https://intarea.s3.ap-northeast-2.amazonaws.com/upload/240910/0_d45fdc46-dd65-48ca-a9ba-5933dd556859.jpeg',
        '0_d45fdc46-dd65-48ca-a9ba-5933dd556859.jpeg', 'image.jpg', NOW(), NOW()),
       ('9adb6bc9-ab17-458d-9bec-585311b6f9f3', '3a9d7242-0c57-4891-963c-53e6d11e8bbd',
        'https://intarea.s3.ap-northeast-2.amazonaws.com/upload/240910/0_72f89e16-3589-416b-a5cb-e61334c6fa51.jpeg',
        '0_72f89e16-3589-416b-a5cb-e61334c6fa51.jpeg', 'image.jpg', NOW(), NOW()),
       ('c4b9320b-71e8-4148-9b08-8365b26a59f3', 'a7f3e429-97a6-4251-8705-eafba7a92a7c',
        'https://intarea.s3.ap-northeast-2.amazonaws.com/upload/240910/0_13d023cf-c2aa-4fdb-866a-cd157724a944.jpeg',
        '0_13d023cf-c2aa-4fdb-866a-cd157724a944.jpeg', 'image.jpg', NOW(), NOW()),
       ('a87849d7-14be-4421-b201-ee53c2991141', '7d570d1e-84dc-4311-8402-c381a12478a9',
        'https://intarea.s3.ap-northeast-2.amazonaws.com/upload/240910/0_6aff46f9-322d-4627-9f68-d729ff3201a3.jpeg',
        '0_6aff46f9-322d-4627-9f68-d729ff3201a3.jpeg', 'image.jpg', NOW(), NOW()),
       ('cb8b315c-f5ca-421d-8743-d0dc9a6286b7', 'f112e136-29de-462f-b837-d3f20cc96f10',
        'https://intarea.s3.ap-northeast-2.amazonaws.com/upload/240910/0_c1c0f1ec-e990-47be-9136-cb502ad19e89.jpeg',
        '0_c1c0f1ec-e990-47be-9136-cb502ad19e89.jpeg', 'image.jpg', NOW(), NOW()),
       ('070bd506-e313-404e-8a83-c35fe7c35a60', 'a8df9bec-fc19-4622-9216-cc60c62e4230',
        'https://intarea.s3.ap-northeast-2.amazonaws.com/upload/240910/0_1f4cfe0d-c357-4847-a62b-ac931c11b8b9.jpeg',
        '0_1f4cfe0d-c357-4847-a62b-ac931c11b8b9.jpeg', 'image.jpg', NOW(), NOW()),
       ('62ea5e7a-89fb-4aee-9a92-322e78bbbad7', 'fc94c9f5-03f7-4980-98f1-0af3dfab1842',
        'https://intarea.s3.ap-northeast-2.amazonaws.com/upload/240910/0_b7c3cd5e-4d54-40c8-8351-692baaa6300c.jpeg',
        '0_b7c3cd5e-4d54-40c8-8351-692baaa6300c.jpeg', 'image.jpg', NOW(), NOW()),
       ('ab19a252-37d4-423d-a926-20b58a2419f0', '309d6baa-f1b3-49a8-85a5-7af46363ff7d',
        'https://intarea.s3.ap-northeast-2.amazonaws.com/upload/240910/0_b7c3cd5e-4d54-40c8-8351-692baaa6300c.jpeg',
        '0_b7c3cd5e-4d54-40c8-8351-692baaa6300c.jpeg', 'image.jpg', NOW(), NOW()),
       ('5e1d365f-7512-4bf9-a35c-8f99b2cec107', 'b61b7047-911d-4797-9996-20ab63ec99e0',
        'https://intarea.s3.ap-northeast-2.amazonaws.com/upload/240910/0_aa2aa268-53cb-469a-bb25-5cf23956c3f5.jpeg',
        '0_aa2aa268-53cb-469a-bb25-5cf23956c3f5.jpeg', 'image.jpg', NOW(), NOW()),
       ('c3ebf698-c46e-40c3-ad17-e38fc569d695', 'b6b7ac4f-eeb4-41a6-8ee2-10347d3974f1',
        'https://intarea.s3.ap-northeast-2.amazonaws.com/upload/240911/0_ee19d61a-668b-4aee-8e58-8ab397642031.jpeg',
        '0_ee19d61a-668b-4aee-8e58-8ab397642031.jpeg', 'image.jpg', NOW(), NOW()),
       ('b7d73f9a-1d71-4def-8247-26a3407e561c', 'f84b209b-d1ea-44f4-9034-c06560450cd6',
        'https://intarea.s3.ap-northeast-2.amazonaws.com/upload/240911/0_c7370f04-7353-49ed-b1c0-a08fb5369fcf.jpeg',
        '0_c7370f04-7353-49ed-b1c0-a08fb5369fcf.jpeg', 'image.jpg', NOW(), NOW()),
       ('74798768-5acc-4caa-90b9-bda2ee9a0e91', '547ef198-3697-4c3b-a8fd-333383c3b952',
        'https://intarea.s3.ap-northeast-2.amazonaws.com/upload/240911/0_7a772c8c-d6a9-4eb1-8f79-3049e4020d85.jpeg',
        '0_7a772c8c-d6a9-4eb1-8f79-3049e4020d85.jpeg', 'image.jpg', NOW(), NOW()),
       ('f8abb9ae-9b84-4eb3-9746-0fd61a05b2b9', '539907e9-05cf-425e-8765-433fae6571c6',
        'https://intarea.s3.ap-northeast-2.amazonaws.com/upload/240911/0_accb6fe0-a939-41c5-94d2-98948299f449.jpeg',
        '0_accb6fe0-a939-41c5-94d2-98948299f449.jpeg', 'image.jpg', NOW(), NOW()),
       ('79e21f23-203a-4958-b123-3ebf2f4378bf', '27401a16-41cd-4fc3-be0a-9b9f95efae74',
        'https://intarea.s3.ap-northeast-2.amazonaws.com/upload/240911/0_566b5444-8947-4bf5-8522-31a3cc928c4b.jpeg',
        '0_566b5444-8947-4bf5-8522-31a3cc928c4b.jpeg', 'image.jpg', NOW(), NOW()),
       ('b6649b08-d016-41a4-b469-db7b6f21fc49', 'c5a60f5d-5dac-4865-baeb-93c19b09fb39',
        'https://intarea.s3.ap-northeast-2.amazonaws.com/upload/240911/0_9d0c991d-5c5e-4776-94da-1a0f1f315165.jpeg',
        '0_9d0c991d-5c5e-4776-94da-1a0f1f315165.jpeg', 'image.jpg', NOW(), NOW()),
       ('492a4c82-d351-458b-a967-343543dc7d24', 'd3c2903b-29fd-4875-8ee8-2d40e3e0eb93',
        'https://intarea.s3.ap-northeast-2.amazonaws.com/upload/240911/0_f5aa9a53-ebb4-476f-a134-6ffa9582d7c5.jpeg',
        '0_f5aa9a53-ebb4-476f-a134-6ffa9582d7c5.jpeg', 'image.jpg', NOW(), NOW()),
       ('547700c8-5ca3-4f94-9f4f-0ece181febcd', '3a30ce24-b13a-4030-ae58-803d50cb9668',
        'https://intarea.s3.ap-northeast-2.amazonaws.com/upload/240911/0_fad3f053-3c16-4b02-b205-944e8964a780.jpeg',
        '0_fad3f053-3c16-4b02-b205-944e8964a780.jpeg', 'image.jpg', NOW(), NOW()),
       ('31e8b939-95e1-461a-9fa7-5b96c721581d', '35ee203d-e1fb-48bb-9194-525138e303ff',
        'https://intarea.s3.ap-northeast-2.amazonaws.com/upload/240911/0_3ae411e9-c5e5-4103-8c06-27c44806b2c9.jpeg',
        '0_3ae411e9-c5e5-4103-8c06-27c44806b2c9.jpeg', 'image.jpg', NOW(), NOW()),
       ('5ce0c8b7-aeda-48c0-85ce-20206e2bb784', '266e1734-9afc-4e6f-966c-7d2670f1047e',
        'https://intarea.s3.ap-northeast-2.amazonaws.com/upload/240911/0_4bd3c560-e076-4743-8c7c-b2534c29029e.jpeg',
        '0_4bd3c560-e076-4743-8c7c-b2534c29029e.jpeg', 'image.jpg', NOW(), NOW()),
       ('4ec720de-4396-42f8-b4e7-959c8936665c', 'b515462b-4084-4c36-b4cd-b6c2b40cadee',
        'https://intarea.s3.ap-northeast-2.amazonaws.com/upload/240911/0_42f66fa0-ec2f-43c4-a8d5-b5451ec3ab41.jpeg',
        '0_42f66fa0-ec2f-43c4-a8d5-b5451ec3ab41.jpeg', 'image.jpg', NOW(), NOW()),
       ('60f99e7c-52be-4b3a-8ca1-49fb87951880', 'eccbc7a2-acd5-48ab-8bce-c43dd770e142',
        'https://intarea.s3.ap-northeast-2.amazonaws.com/upload/240911/0_930fce33-7217-4766-adff-fa2bdd90012c.jpeg',
        '0_930fce33-7217-4766-adff-fa2bdd90012c.jpeg', 'image.jpg', NOW(), NOW()),
       ('cb9f7b2e-489c-48da-82a8-8df7d0b1bd81', 'bc3f00b4-be32-4b07-b394-b29a951a16c1',
        'https://intarea.s3.ap-northeast-2.amazonaws.com/upload/240911/0_f6991cf2-d825-4786-9e82-ff4e7fe535c6.jpeg',
        '0_f6991cf2-d825-4786-9e82-ff4e7fe535c6.jpeg', 'image.jpg', NOW(), NOW()),
       ('bc8f17f0-ee5a-4f57-95b9-952a840c2725', 'a4acca6f-ec95-44d2-96f9-959c913316b8',
        'https://intarea.s3.ap-northeast-2.amazonaws.com/upload/240911/0_6640d6f1-805c-4e1f-ace0-2fe805cdb81e.jpeg',
        '0_6640d6f1-805c-4e1f-ace0-2fe805cdb81e.jpeg', 'image.jpg', NOW(), NOW()),
       ('ad87c958-adc8-4921-9973-60dccea09642', '5c5cd874-d278-4f97-bb51-d1224290a974',
        'https://intarea.s3.ap-northeast-2.amazonaws.com/upload/240911/0_6e3fdaf4-1498-4752-a0ab-b232ef1ea9be.jpeg',
        '0_6e3fdaf4-1498-4752-a0ab-b232ef1ea9be.jpeg', 'image.jpg', NOW(), NOW()),
       ('4c24c1d9-139c-40ad-8106-268731335d25', 'f5877ed8-2d5c-43d5-b327-30cc354f1c01',
        'https://intarea.s3.ap-northeast-2.amazonaws.com/upload/240911/0_dd8a53f5-1c2f-42ff-88b0-39380ecb4cde.jpeg',
        '0_dd8a53f5-1c2f-42ff-88b0-39380ecb4cde.jpeg', 'image.jpg', NOW(), NOW()),
       ('02a6ed69-ed1d-422f-acf4-2e73aabbebcd', '47f038c2-c9c0-41b6-b417-865abbe713e1',
        'https://intarea.s3.ap-northeast-2.amazonaws.com/upload/240911/0_6b3bb643-b490-40b8-8790-9c8f5eda1e3d.jpeg',
        '0_6b3bb643-b490-40b8-8790-9c8f5eda1e3d.jpeg', 'image.jpg', NOW(), NOW()),
       ('eba5cce1-c479-4446-9b30-a944b068ce46', '595e2048-4627-454c-87b4-48132b69964b',
        'https://intarea.s3.ap-northeast-2.amazonaws.com/upload/240911/0_e7d76848-041d-4846-b57b-9468235110ee.jpeg',
        '0_e7d76848-041d-4846-b57b-9468235110ee.jpeg', 'image.jpg', NOW(), NOW()),
       ('a0224937-8fca-4bfd-bc41-88850723c670', '239fccc3-35e7-4140-95ab-e683d9a8ad28',
        'https://intarea.s3.ap-northeast-2.amazonaws.com/upload/240911/0_85d0dd77-9f27-4465-99e7-4bd5b313d1e3.jpeg',
        '0_85d0dd77-9f27-4465-99e7-4bd5b313d1e3.jpeg', 'image.jpg', NOW(), NOW()),
       ('76e88c3a-1ffc-4e40-9acd-754f7b1672a1', '1a550b75-7d63-40cb-a38a-d6bb01ba506e',
        'https://intarea.s3.ap-northeast-2.amazonaws.com/upload/240911/0_d6019912-6c93-407b-a429-0c119d96f401.jpeg',
        '0_d6019912-6c93-407b-a429-0c119d96f401.jpeg', 'image.jpg', NOW(), NOW()),
       ('76571faa-cb39-464d-8ecd-1c300b184c4b', 'd4a5fcc8-ef0c-4001-aa37-2c36cda28629',
        'https://intarea.s3.ap-northeast-2.amazonaws.com/upload/240911/0_49d7a809-fa09-4e6e-a8a1-e9b32ac4dbfd.jpeg',
        '0_49d7a809-fa09-4e6e-a8a1-e9b32ac4dbfd.jpeg', 'image.jpg', NOW(), NOW()),
       ('0c23aa3d-39d4-4a98-8905-4a642d1add3e', 'a204ef5a-9cc2-4e56-a170-64aac057fc9f',
        'https://intarea.s3.ap-northeast-2.amazonaws.com/upload/240911/0_004a0925-eaa5-4cd7-9f7c-08e638109c20.jpeg',
        '0_004a0925-eaa5-4cd7-9f7c-08e638109c20.jpeg', 'image.jpg', NOW(), NOW()),
       ('dcd3402d-d007-4980-87bc-e1f56620e4aa', 'c2936866-30bc-4f91-a4f4-ec20a249f059',
        'https://intarea.s3.ap-northeast-2.amazonaws.com/upload/240911/0_c9c49890-746f-4348-8880-2cd8988ef193.jpeg',
        '0_c9c49890-746f-4348-8880-2cd8988ef193.jpeg', 'image.jpg', NOW(), NOW()),
       ('e7db836c-5fe8-4ab1-92cb-e0b656cca69e', 'e39f7bca-c6da-4e77-bf57-b1949904d637',
        'https://intarea.s3.ap-northeast-2.amazonaws.com/upload/240911/0_800bff08-e4e8-40e6-b4c4-04c7aadc3ff8.jpeg',
        '0_800bff08-e4e8-40e6-b4c4-04c7aadc3ff8.jpeg', 'image.jpg', NOW(), NOW()),
       ('17f1a6f5-63d5-4943-95ef-620921da3192', '2f8e954b-0540-4f63-b131-c7aab15c91b2',
        'https://intarea.s3.ap-northeast-2.amazonaws.com/upload/240911/0_318fdb59-9c89-403b-b468-196b5ba75687.jpeg',
        '0_318fdb59-9c89-403b-b468-196b5ba75687.jpeg', 'image.jpg', NOW(), NOW()),
       ('328da739-41f5-4b6b-b42b-4e1e4c2887b7', '8bdaf025-dd45-455e-96b4-d32ed534b2aa',
        'https://intarea.s3.ap-northeast-2.amazonaws.com/upload/240911/0_9a8db3b7-a1a8-4795-a7ac-553c4c5384b5.jpeg',
        '0_9a8db3b7-a1a8-4795-a7ac-553c4c5384b5.jpeg', 'image.jpg', NOW(), NOW()),
       ('0abca3a3-0f88-4205-b3b9-d5ef341be88f', '879dd271-2f81-43bf-bb21-193cc9637d8b',
        'https://intarea.s3.ap-northeast-2.amazonaws.com/upload/240911/0_c99d4d32-0dd6-4573-b4ee-0e4ba9cd21e8.jpeg',
        '0_c99d4d32-0dd6-4573-b4ee-0e4ba9cd21e8.jpeg', 'image.jpg', NOW(), NOW()),
       ('2692ccf8-30e7-425f-b9ee-e9dcf3708d2f', '95f70020-b3ca-4681-bbb7-2ab31a162805',
        'https://intarea.s3.ap-northeast-2.amazonaws.com/upload/240911/0_561bbe7d-3779-4b5c-98db-2a7294d841e5.jpeg',
        '0_561bbe7d-3779-4b5c-98db-2a7294d841e5.jpeg', 'image.jpg', NOW(), NOW()),
       ('7ca19315-52ea-41d2-8ef6-21e0c408deb0', '98a00c61-ac33-4bc7-b992-6f7b958221a3',
        'https://intarea.s3.ap-northeast-2.amazonaws.com/upload/240911/0_197e8074-ae38-434f-875f-62a9ca788097.jpeg',
        '0_197e8074-ae38-434f-875f-62a9ca788097.jpeg', 'image.jpg', NOW(), NOW()),
       ('50a2e3ab-e9e5-43cb-9d73-e0bd52ff8eef', '928fbee5-f16b-4153-954f-1cf4d003f6b8',
        'https://intarea.s3.ap-northeast-2.amazonaws.com/upload/240911/0_7880c5e3-1f18-4623-8c04-e386cec159af.jpeg',
        '0_7880c5e3-1f18-4623-8c04-e386cec159af.jpeg', 'image.jpg', NOW(), NOW()),
       ('09d2f9af-e3a4-41d0-a18b-92f1c2772bfc', 'ae0d497f-73f2-4844-be5f-35ec754a8cce',
        'https://intarea.s3.ap-northeast-2.amazonaws.com/upload/240911/0_039d1a6c-9eba-41bb-9a9b-3b62547a264d.jpeg',
        '0_039d1a6c-9eba-41bb-9a9b-3b62547a264d.jpeg', 'image.jpg', NOW(), NOW()),
       ('11feb4ec-5e40-42f4-ba90-2706cf869013', 'e413952d-9919-4c58-a69d-498c3646439a',
        'https://intarea.s3.ap-northeast-2.amazonaws.com/upload/240911/0_178f7aa7-3d17-491f-ab02-aed8cca594da.jpeg',
        '0_178f7aa7-3d17-491f-ab02-aed8cca594da.jpeg', 'image.jpg', NOW(), NOW()),
       ('3fccbcc5-54b7-4905-b9a8-0e55a40b1e4f', '9d6d2291-1436-4f70-a53f-e23ffde03b2c',
        'https://intarea.s3.ap-northeast-2.amazonaws.com/upload/240910/0_c617ed90-24ee-4baa-b5fb-924c2278450a.jpeg',
        '0_c617ed90-24ee-4baa-b5fb-924c2278450a.jpeg', 'image.jpg', NOW(), NOW()),
       ('b634a00c-09d9-4dce-90d1-44ede6521549', '7fd804be-5b2a-4ca2-8155-32adcac433b8',
        'https://intarea.s3.ap-northeast-2.amazonaws.com/upload/240910/0_33e4e4a8-664d-4f4e-8083-5aea96e38635.jpeg',
        '0_33e4e4a8-664d-4f4e-8083-5aea96e38635.jpeg', 'image.jpg', NOW(), NOW()),
       ('458d8241-33ca-4cfa-993c-9cf06989b6a4', '455419fe-0bb3-4fb8-9304-772db86803b7',
        'https://intarea.s3.ap-northeast-2.amazonaws.com/upload/240910/0_53bbeaa7-82ca-4975-8e05-6d5971aa41af.jpeg',
        '0_53bbeaa7-82ca-4975-8e05-6d5971aa41af.jpeg', 'image.jpg', NOW(), NOW()),
       ('2cd4d713-a6e1-488a-8922-cc678dafaba2', 'ab555d10-66e1-42af-a56c-9f75f446ef71',
        'https://intarea.s3.ap-northeast-2.amazonaws.com/upload/240910/0_b3fb2667-fa39-4909-97ef-5608a1ec2c17.jpeg',
        '0_b3fb2667-fa39-4909-97ef-5608a1ec2c17.jpeg', 'image.jpg', NOW(), NOW()),
       ('82685601-2c86-424a-9157-353d4e48d9d0', 'd7216828-bd3d-428b-bbdc-08edcf9e0a59',
        'https://intarea.s3.ap-northeast-2.amazonaws.com/upload/240910/0_41faf17c-6098-41a5-9f70-831ff7960ff8.jpeg',
        '0_41faf17c-6098-41a5-9f70-831ff7960ff8.jpeg', 'image.jpg', NOW(), NOW()),
       ('ceef7bca-20e8-4c37-b0c3-c565f13db485', '33c748da-0e47-4618-a9df-866d154ca34e',
        'https://intarea.s3.ap-northeast-2.amazonaws.com/upload/240910/0_6244c1be-b011-4545-b7a8-0903d82be3c5.jpeg',
        '0_6244c1be-b011-4545-b7a8-0903d82be3c5.jpeg', 'image.jpg', NOW(), NOW()),
       ('9d28ffee-c18c-41fe-8d4c-7dd248ac3667', '23cff4ba-4e2c-432b-b728-422002968fbc',
        'https://intarea.s3.ap-northeast-2.amazonaws.com/upload/240910/0_9c3769ed-3e77-4c7c-89db-c117e97b969b.jpeg',
        '0_9c3769ed-3e77-4c7c-89db-c117e97b969b.jpeg', 'image.jpg', NOW(), NOW()),
       ('2d1c22f5-1e89-4c6f-a724-65692da6f93c', 'defcb474-7558-4337-9199-7af91626d173',
        'https://intarea.s3.ap-northeast-2.amazonaws.com/upload/240910/0_d5bb9d1c-7057-48ed-8c64-bef6d663039e.jpeg',
        '0_d5bb9d1c-7057-48ed-8c64-bef6d663039e.jpeg', 'image.jpg', NOW(), NOW()),
       ('f0b9d7c6-3496-48d4-bc45-77168fac9f9b', '0d5ef8c2-b95e-4d5f-a62f-038a55437574',
        'https://intarea.s3.ap-northeast-2.amazonaws.com/upload/240910/0_97d4ed1f-7bec-4110-b661-cdd787c5d437.jpeg',
        '0_97d4ed1f-7bec-4110-b661-cdd787c5d437.jpeg', 'image.jpg', NOW(), NOW()),
       ('eb56c162-e316-458c-94d8-0cab34eeaaf7', 'a052cb71-314b-4c17-be4c-8e569ad9364c',
        'https://intarea.s3.ap-northeast-2.amazonaws.com/upload/240910/0_749f6e39-8d5f-4e97-b888-eac427533502.jpeg',
        '0_749f6e39-8d5f-4e97-b888-eac427533502.jpeg', 'image.jpg', NOW(), NOW()),
       ('da0a7f49-8149-410d-a836-6032b3f2f6c8', '09595d34-dcc6-4e2f-99c3-7610ab3441ff',
        'https://intarea.s3.ap-northeast-2.amazonaws.com/upload/240910/0_749f6e39-8d5f-4e97-b888-eac427533502.jpeg',
        '0_749f6e39-8d5f-4e97-b888-eac427533502.jpeg', 'image.jpg', NOW(), NOW()),
       ('02dfd648-dee8-46e5-a91b-2552db069ebb', 'ab2c7381-56f3-4788-a5f8-6a6b0cbf85c7',
        'https://intarea.s3.ap-northeast-2.amazonaws.com/upload/240922/0_0b8ab565-dc0e-489b-a2f9-4d7c76d6f70b.jpeg',
        '0_0b8ab565-dc0e-489b-a2f9-4d7c76d6f70b.jpeg', 'image.jpg', NOW(), NOW()),
       ('a440bcc2-5693-4607-93d4-39e3cca121e2', 'ab2c7381-56f3-4788-a5f8-6a6b0cbf85c7',
        'https://intarea.s3.ap-northeast-2.amazonaws.com/upload/240922/1_85d56206-feaf-44f8-a6a2-5f4f9845eb15.jpeg',
        '1_85d56206-feaf-44f8-a6a2-5f4f9845eb15.jpeg', 'image.jpg', NOW(), NOW()),
       ('dadbbe4f-4239-422e-a89f-d162ff699b51', '517c9d76-5e87-4ff1-908e-5004f37b9fc1',
        'https://intarea.s3.ap-northeast-2.amazonaws.com/upload/240922/0_9277e0a0-ded6-49ba-b803-55dfb5c61b11.jpeg',
        '0_9277e0a0-ded6-49ba-b803-55dfb5c61b11.jpeg', 'image.jpg', NOW(), NOW()),
       ('294060b0-f0f5-4f7a-8fcd-eb8864f73f7b', 'ad66c307-ac00-47b2-8ac6-c51925253bc8',
        'https://intarea.s3.ap-northeast-2.amazonaws.com/upload/240922/0_874aa961-f875-4174-baf6-9aa4e45c95ea.jpeg',
        '0_874aa961-f875-4174-baf6-9aa4e45c95ea.jpeg', 'image.jpg', NOW(), NOW());


INSERT INTO REPORT (ID, REFID, MEMBERID, SORT, TITLE, DESCRIPTION, COMMENT, PROGRESS, CREATEDAT, UPDATEDAT)
VALUES ('6a1c0cde-e0a7-49ad-ac89-f60f66e6ecbf', '20913e36-be07-445e-8e51-8941aeb6ba85',
        'f6b73d77-5fb8-462e-85f7-f6ed0425d2ba', 'PORTFOLIO', 'title1',
        'description1', NULL, 'PENDING', NOW(), NOW()),
       ('76074c8b-5e71-4707-819a-77330d9d6f6f', '040a58d5-677a-417f-91f1-60849fd5a4f3',
        'f6b73d77-5fb8-462e-85f7-f6ed0425d2ba', 'PORTFOLIO', 'title2',
        'description2', NULL, 'PENDING', NOW(), NOW()),
       ('bfdb4cf4-159e-4647-b01a-1559c62fb2a2', '11f482fa-ba91-4f04-a6ba-d8528ff1ecea',
        'f6b73d77-5fb8-462e-85f7-f6ed0425d2ba', 'PORTFOLIO', 'title3',
        'description3', NULL, 'PENDING', NOW(), NOW()),
       ('b993d791-6126-4e8d-bcdb-cda0e79ec060', '71b3e58a-94da-44a1-b3d5-7036c4e08c35',
        'f6b73d77-5fb8-462e-85f7-f6ed0425d2ba', 'PORTFOLIO', 'title4',
        'description4', NULL, 'PENDING', NOW(), NOW()),
       ('e1f2393a-e6ba-495d-bdce-9152708e1373', '720f96dc-9e31-4d1c-9034-08e3c869e8f6',
        'f6b73d77-5fb8-462e-85f7-f6ed0425d2ba', 'PORTFOLIO', 'title5',
        'description5', NULL, 'PENDING', NOW(), NOW()),
       ('84552c53-b894-4c22-a11b-e89ca4ce9e9a', 'c08f8dba-4e9c-4530-b67e-b05861206c15',
        'f6b73d77-5fb8-462e-85f7-f6ed0425d2ba', 'PORTFOLIO', 'title6',
        'description5', 'comment', 'IN_PROGRESS', NOW(), NOW()),
       ('99fd0f91-e34b-4b96-b3ce-3502d43ce8f7', '39718eb1-fff2-4104-b966-3c7b4750f9a6',
        'f6b73d77-5fb8-462e-85f7-f6ed0425d2ba', 'PORTFOLIO', 'title7',
        'description5', 'comment', 'IN_PROGRESS', NOW(), NOW()),
       ('63fcc77c-e5d6-40aa-99ae-31ccb097bdd9', 'cddf856f-c5f6-4fe1-a196-82098e2271a7',
        'f6b73d77-5fb8-462e-85f7-f6ed0425d2ba', 'PORTFOLIO', 'title8',
        'description5', 'comment', 'IN_PROGRESS', NOW(), NOW()),
       ('5882af9d-da08-4f6c-b750-8977b757bca9', '33741412-2961-4bd7-b2c3-b8a4a9d34eb0',
        'f6b73d77-5fb8-462e-85f7-f6ed0425d2ba', 'PORTFOLIO', 'title9',
        'description5', 'comment', 'IN_PROGRESS', NOW(), NOW()),
       ('f7eb6483-5178-4375-9593-41ff906592a7', '01fc273f-6eb2-4cbf-91f2-bd41cb441695',
        'f6b73d77-5fb8-462e-85f7-f6ed0425d2ba', 'PORTFOLIO', 'title10',
        'description5', 'comment', 'IN_PROGRESS', NOW(), NOW()),
       ('64229009-8363-4f4a-96c6-6fb72a528c64', '41319d67-21a3-4ab3-bb28-9ec93362a60b',
        'f6b73d77-5fb8-462e-85f7-f6ed0425d2ba', 'PORTFOLIO', 'title11',
        'description5', 'comment', 'COMPLETED', NOW(), NOW()),
       ('cc6c5920-455f-4d7c-b2ae-739818f4a157', '17d16dae-3e7b-4ec3-93d9-352f57365b6d',
        'f6b73d77-5fb8-462e-85f7-f6ed0425d2ba', 'PORTFOLIO', 'title12',
        'description5', 'comment', 'COMPLETED', NOW(), NOW()),
       ('6f8086e9-673e-414e-ab61-3035b62461e2', 'c951bee5-1142-46b9-802c-0dafbac6985d',
        'f6b73d77-5fb8-462e-85f7-f6ed0425d2ba', 'PORTFOLIO', 'title13',
        'description5', 'comment', 'COMPLETED', NOW(), NOW()),
       ('6bc2b052-f7fb-4862-8083-0adc8aed52cc', '8f12bf9e-5474-46c5-a480-369437e29572',
        'f6b73d77-5fb8-462e-85f7-f6ed0425d2ba', 'PORTFOLIO', 'title14',
        'description5', 'comment', 'COMPLETED', NOW(), NOW()),
       ('c9d1ca8f-af5c-4798-8234-7b54472058b3', '82ac8fef-826f-4210-b444-99141479ecbd',
        'f6b73d77-5fb8-462e-85f7-f6ed0425d2ba', 'PORTFOLIO', 'title15',
        'description5', 'comment', 'COMPLETED', NOW(), NOW()),
       ('4933d057-5358-46e2-a60e-c919cfdfa8d5', '05819b9d-9469-486a-8fb7-879723b09be6',
        'a8a8cbf7-ae99-4b45-81ee-7d99b72aa317', 'REVIEW', 'title16',
        'description5', NULL, 'PENDING', NOW(), NOW()),
       ('37debecb-ee7d-4897-a309-2c3f73da92f4', 'aeff1e64-2219-49db-a673-1ca782707a6b',
        'a8a8cbf7-ae99-4b45-81ee-7d99b72aa317', 'REVIEW', 'title17',
        'description5', NULL, 'PENDING', NOW(), NOW()),
       ('ece35eb5-7ce4-4174-8a6a-259d525429ba', '8c60b281-28ff-42e2-9947-4896b1255e5b',
        'a8a8cbf7-ae99-4b45-81ee-7d99b72aa317', 'REVIEW', 'title18',
        'description5', NULL, 'PENDING', NOW(), NOW()),
       ('167b320a-3e11-459f-a19f-616540363c6a', '6c92eea3-97c1-4817-99ec-96a7d3eb39a5',
        'a8a8cbf7-ae99-4b45-81ee-7d99b72aa317', 'REVIEW', 'title19',
        'description5', NULL, 'PENDING', NOW(), NOW()),
       ('510c4b2d-a7af-456a-8bbb-cf081c7f7b59', '3b05b8cf-15bf-4776-b92b-8e7eaabb87ee',
        'a8a8cbf7-ae99-4b45-81ee-7d99b72aa317', 'REVIEW', 'title20',
        'description5', '수정조치하였습니다. 감사합니다.', 'COMPLETED', NOW(), NOW()),
       ('3d1fe8ee-ea20-4300-a29a-58df2601ad13', '0da5ac1c-128a-467d-9322-f73a462d8859',
        'a8a8cbf7-ae99-4b45-81ee-7d99b72aa317', 'REVIEW', 'title21',
        'description5', '삭제조치하였습니다. 감사합니다.', 'COMPLETED', NOW(), NOW()),
       ('2f0606f2-78f0-4ddc-ae83-31fa847b5260', 'fc17861c-e753-4cab-b995-fd0b29310b58',
        'a8a8cbf7-ae99-4b45-81ee-7d99b72aa317', 'REVIEW', 'title22',
        'description5', '삭제조치하였습니다. 감사합니다.', 'COMPLETED', NOW(), NOW()),
       ('0f50bdfb-0047-45ca-ad23-5353cb9be2f7', '1704ae64-0b32-445f-938d-4cee4be19e4f',
        'a8a8cbf7-ae99-4b45-81ee-7d99b72aa317', 'REVIEW', 'title23',
        'description5', '삭제조치하였습니다. 감사합니다.', 'COMPLETED', NOW(), NOW()),
       ('aadf97da-aa12-4df5-899d-e1727c973719', 'a262f9d3-4b62-43a8-a0c4-e9d2fa4d8905',
        'a8a8cbf7-ae99-4b45-81ee-7d99b72aa317', 'REVIEW', 'title24',
        'description5', '삭제조치하였습니다. 감사합니다.', 'COMPLETED', NOW(), NOW()),
       ('48f29ebc-b90c-440b-8252-6235a3e39071', 'c0e06c13-cec7-4470-a95d-41f29a017bbe',
        'a8a8cbf7-ae99-4b45-81ee-7d99b72aa317', 'REVIEW', 'title25',
        'description5', '삭제조치하였습니다. 감사합니다.', 'COMPLETED', NOW(), NOW()),
       ('ec432bd0-8ff5-4d8f-b833-1a00009cb28a', '5bacc83f-ba2d-418e-be0a-b80f71bf4b57',
        'a8a8cbf7-ae99-4b45-81ee-7d99b72aa317', 'REVIEW', 'title26',
        'description5', '삭제조치하였습니다. 감사합니다.', 'COMPLETED', NOW(), NOW()),
       ('cefe9494-55fc-47fc-b24a-dcbbc44292c1', '669032ae-766a-48f5-bbd7-be3b3b8a15bb',
        'a8a8cbf7-ae99-4b45-81ee-7d99b72aa317', 'REVIEW', 'title27',
        'description5', '삭제조치하였습니다. 감사합니다.', 'COMPLETED', NOW(), NOW()),
       ('32f6c427-abe5-4486-b7b7-5016ccb20274', 'b851d45f-0848-4a48-8745-9fdd44e7d2d1',
        'a8a8cbf7-ae99-4b45-81ee-7d99b72aa317', 'REVIEW', 'title28',
        'description5', '삭제조치하였습니다. 감사합니다.', 'COMPLETED', NOW(), NOW());